original_path	size_bytes	category	current_tree_status	archive_path
AGENTS.md	17477	project_module_docs	restored_in_archive	docs/archive/initial_commit/AGENTS.md
README.md	12203	project_module_docs	restored_in_archive	docs/archive/initial_commit/README.md
Semantic-Communication/AI_HANDOFF_DEGRADATION_UPGRADE.md	4215	project_module_docs	restored_in_archive	docs/archive/initial_commit/Semantic-Communication/AI_HANDOFF_DEGRADATION_UPGRADE.md
Semantic-Communication/DESKTOP_APP_MIGRATION_PLAN.md	36518	project_module_docs	restored_in_archive	docs/archive/initial_commit/Semantic-Communication/DESKTOP_APP_MIGRATION_PLAN.md
Semantic-Communication/EXPERT_HANDOFF.md	24501	project_module_docs	restored_in_archive	docs/archive/initial_commit/Semantic-Communication/EXPERT_HANDOFF.md
Semantic-Communication/GITHUB_PUBLISH_CHECKLIST.md	7616	project_module_docs	restored_in_archive	docs/archive/initial_commit/Semantic-Communication/GITHUB_PUBLISH_CHECKLIST.md
Semantic-Communication/PLAN_DEGRADATION_ELECTRON.md	17662	project_module_docs	restored_in_archive	docs/archive/initial_commit/Semantic-Communication/PLAN_DEGRADATION_ELECTRON.md
Semantic-Communication/PLAN_DEGRADATION_ELECTRON_OPENAMP_ONLY.md	17388	project_module_docs	restored_in_archive	docs/archive/initial_commit/Semantic-Communication/PLAN_DEGRADATION_ELECTRON_OPENAMP_ONLY.md
Semantic-Communication/PLAN_DEGRADATION_UPPER_COMPUTER.md	19763	project_module_docs	restored_in_archive	docs/archive/initial_commit/Semantic-Communication/PLAN_DEGRADATION_UPPER_COMPUTER.md
Semantic-Communication/PLAN_OPENAMP_DUAL_PROTOCOL_COMPAT.md	24748	project_module_docs	restored_in_archive	docs/archive/initial_commit/Semantic-Communication/PLAN_OPENAMP_DUAL_PROTOCOL_COMPAT.md
Semantic-Communication/README.md	14976	project_module_docs	restored_in_archive	docs/archive/initial_commit/Semantic-Communication/README.md
Semantic-Communication/REVIEW_DEGRADATION_ELECTRON.md	16109	project_module_docs	restored_in_archive	docs/archive/initial_commit/Semantic-Communication/REVIEW_DEGRADATION_ELECTRON.md
Semantic-Communication/TVM_LAST_understanding/01_project_map.md	2366	tvm_handoff	restored_in_archive	docs/archive/initial_commit/Semantic-Communication/TVM_LAST_understanding/01_project_map.md
Semantic-Communication/TVM_LAST_understanding/02_execution_flow.md	2654	tvm_handoff	restored_in_archive	docs/archive/initial_commit/Semantic-Communication/TVM_LAST_understanding/02_execution_flow.md
Semantic-Communication/TVM_LAST_understanding/03_metaschedule_focus.md	2206	tvm_handoff	restored_in_archive	docs/archive/initial_commit/Semantic-Communication/TVM_LAST_understanding/03_metaschedule_focus.md
Semantic-Communication/TVM_LAST_understanding/04_next_steps_tonight.md	1521	tvm_handoff	restored_in_archive	docs/archive/initial_commit/Semantic-Communication/TVM_LAST_understanding/04_next_steps_tonight.md
Semantic-Communication/cockpit_desktop/AUDIT_REPORT_20260330.md	18725	cockpit_design_history	restored_in_archive	docs/archive/initial_commit/Semantic-Communication/cockpit_desktop/AUDIT_REPORT_20260330.md
Semantic-Communication/cockpit_desktop/AUDIT_REPORT_FOLLOWUP_20260330.md	13095	cockpit_design_history	restored_in_archive	docs/archive/initial_commit/Semantic-Communication/cockpit_desktop/AUDIT_REPORT_FOLLOWUP_20260330.md
Semantic-Communication/cockpit_desktop/COCKPIT_UI_OVERHAUL_PROPOSAL.md	35542	cockpit_design_history	restored_in_archive	docs/archive/initial_commit/Semantic-Communication/cockpit_desktop/COCKPIT_UI_OVERHAUL_PROPOSAL.md
Semantic-Communication/cockpit_desktop/DESIGN_IMPROVEMENTS.md	4868	cockpit_design_history	restored_in_archive	docs/archive/initial_commit/Semantic-Communication/cockpit_desktop/DESIGN_IMPROVEMENTS.md
Semantic-Communication/cockpit_desktop/FINAL_FIXES_SUMMARY_20260330.md	10715	cockpit_design_history	restored_in_archive	docs/archive/initial_commit/Semantic-Communication/cockpit_desktop/FINAL_FIXES_SUMMARY_20260330.md
Semantic-Communication/cockpit_desktop/FIXES_SUMMARY_20260330.md	10118	cockpit_design_history	restored_in_archive	docs/archive/initial_commit/Semantic-Communication/cockpit_desktop/FIXES_SUMMARY_20260330.md
Semantic-Communication/cockpit_desktop/FONT_UPDATE.md	5909	cockpit_design_history	restored_in_archive	docs/archive/initial_commit/Semantic-Communication/cockpit_desktop/FONT_UPDATE.md
Semantic-Communication/cockpit_desktop/LAYOUT_REDESIGN.md	7474	cockpit_design_history	restored_in_archive	docs/archive/initial_commit/Semantic-Communication/cockpit_desktop/LAYOUT_REDESIGN.md
Semantic-Communication/cockpit_desktop/MINIMAL_REDESIGN.md	9798	cockpit_design_history	restored_in_archive	docs/archive/initial_commit/Semantic-Communication/cockpit_desktop/MINIMAL_REDESIGN.md
Semantic-Communication/cockpit_desktop/OPTIMIZATION_PLAN_2K.md	2778	cockpit_design_history	restored_in_archive	docs/archive/initial_commit/Semantic-Communication/cockpit_desktop/OPTIMIZATION_PLAN_2K.md
Semantic-Communication/cockpit_desktop/QUICKFIX.md	3201	cockpit_design_history	restored_in_archive	docs/archive/initial_commit/Semantic-Communication/cockpit_desktop/QUICKFIX.md
Semantic-Communication/cockpit_desktop/QUICK_COMPARISON.md	3140	cockpit_design_history	restored_in_archive	docs/archive/initial_commit/Semantic-Communication/cockpit_desktop/QUICK_COMPARISON.md
Semantic-Communication/cockpit_desktop/README.md	3165	cockpit_design_history	restored_in_archive	docs/archive/initial_commit/Semantic-Communication/cockpit_desktop/README.md
Semantic-Communication/cockpit_desktop/TROUBLESHOOTING.md	4119	cockpit_design_history	restored_in_archive	docs/archive/initial_commit/Semantic-Communication/cockpit_desktop/TROUBLESHOOTING.md
Semantic-Communication/cockpit_desktop/UI_REDESIGN_PLAN.md	27949	cockpit_design_history	restored_in_archive	docs/archive/initial_commit/Semantic-Communication/cockpit_desktop/UI_REDESIGN_PLAN.md
Semantic-Communication/cockpit_native/README.md	1997	project_module_docs	restored_in_archive	docs/archive/initial_commit/Semantic-Communication/cockpit_native/README.md
Semantic-Communication/openamp_mock/README.md	973	project_module_docs	restored_in_archive	docs/archive/initial_commit/Semantic-Communication/openamp_mock/README.md
Semantic-Communication/session_bootstrap/PROGRESS_LOG.md	126640	project_module_docs	restored_in_archive	docs/archive/initial_commit/Semantic-Communication/session_bootstrap/PROGRESS_LOG.md
Semantic-Communication/session_bootstrap/README.md	38021	project_module_docs	restored_in_archive	docs/archive/initial_commit/Semantic-Communication/session_bootstrap/README.md
Semantic-Communication/session_bootstrap/demo/openamp_control_plane_demo/README.md	25993	project_module_docs	restored_in_archive	docs/archive/initial_commit/Semantic-Communication/session_bootstrap/demo/openamp_control_plane_demo/README.md
Semantic-Communication/session_bootstrap/docs/design_firmware_watchdog_heartbeat_offload.md	25043	technical_design	restored_in_archive	docs/archive/initial_commit/Semantic-Communication/session_bootstrap/docs/design_firmware_watchdog_heartbeat_offload.md
Semantic-Communication/session_bootstrap/docs/design_usrp_latent_transport.md	76720	technical_design	restored_in_archive	docs/archive/initial_commit/Semantic-Communication/session_bootstrap/docs/design_usrp_latent_transport.md
Semantic-Communication/session_bootstrap/docs/tvm_operator_optimization_lessons_learned.md	8668	technical_design	restored_in_archive	docs/archive/initial_commit/Semantic-Communication/session_bootstrap/docs/tvm_operator_optimization_lessons_learned.md
Semantic-Communication/session_bootstrap/handwritten/fused_conv2d3_add15/README.md	2400	project_module_docs	restored_in_archive	docs/archive/initial_commit/Semantic-Communication/session_bootstrap/handwritten/fused_conv2d3_add15/README.md
Semantic-Communication/session_bootstrap/handwritten/fused_conv2d_transpose1_add9/README.md	11600	project_module_docs	restored_in_archive	docs/archive/initial_commit/Semantic-Communication/session_bootstrap/handwritten/fused_conv2d_transpose1_add9/README.md
Semantic-Communication/session_bootstrap/handwritten/fused_conv2d_transpose1_add9/fused_conv2d_transpose1_add9_candidate_v0.md	2731	other_text	restored_in_archive	docs/archive/initial_commit/Semantic-Communication/session_bootstrap/handwritten/fused_conv2d_transpose1_add9/fused_conv2d_transpose1_add9_candidate_v0.md
Semantic-Communication/session_bootstrap/handwritten/fused_conv2d_transpose2_add12/README.md	4890	project_module_docs	restored_in_archive	docs/archive/initial_commit/Semantic-Communication/session_bootstrap/handwritten/fused_conv2d_transpose2_add12/README.md
Semantic-Communication/session_bootstrap/handwritten/fused_conv2d_transpose_add6/README.md	2941	project_module_docs	restored_in_archive	docs/archive/initial_commit/Semantic-Communication/session_bootstrap/handwritten/fused_conv2d_transpose_add6/README.md
Semantic-Communication/session_bootstrap/handwritten/fused_mean4_subtract4_divide4_multiply4_add14_relu3/README.md	16261	project_module_docs	restored_in_archive	docs/archive/initial_commit/Semantic-Communication/session_bootstrap/handwritten/fused_mean4_subtract4_divide4_multiply4_add14_relu3/README.md
Semantic-Communication/session_bootstrap/handwritten/fused_variance4_add13_tir_sqrt4/README.md	27474	project_module_docs	restored_in_archive	docs/archive/initial_commit/Semantic-Communication/session_bootstrap/handwritten/fused_variance4_add13_tir_sqrt4/README.md
Semantic-Communication/session_bootstrap/patches/phytium_openamp_for_linux_job_req_job_ack_extension_release_v1.4.0_2026-03-14.md	1811	openamp_patch_docs	restored_in_archive	docs/archive/initial_commit/Semantic-Communication/session_bootstrap/patches/phytium_openamp_for_linux_job_req_job_ack_extension_release_v1.4.0_2026-03-14.md
Semantic-Communication/session_bootstrap/patches/phytium_openamp_for_linux_signed_admission_impl_boundary_release_v1.4.0_2026-03-16.md	4982	openamp_patch_docs	restored_in_archive	docs/archive/initial_commit/Semantic-Communication/session_bootstrap/patches/phytium_openamp_for_linux_signed_admission_impl_boundary_release_v1.4.0_2026-03-16.md
Semantic-Communication/session_bootstrap/patches/phytium_openamp_for_linux_signed_admission_scaffold_release_v1.4.0_2026-03-16.md	4014	openamp_patch_docs	restored_in_archive	docs/archive/initial_commit/Semantic-Communication/session_bootstrap/patches/phytium_openamp_for_linux_signed_admission_scaffold_release_v1.4.0_2026-03-16.md
Semantic-Communication/session_bootstrap/patches/phytium_openamp_for_linux_status_req_resp_release_v1.4.0_2026-03-14.md	8983	openamp_patch_docs	restored_in_archive	docs/archive/initial_commit/Semantic-Communication/session_bootstrap/patches/phytium_openamp_for_linux_status_req_resp_release_v1.4.0_2026-03-14.md
Semantic-Communication/session_bootstrap/patches/phytium_openamp_signed_admission_release_v1.4.0_patch_execution_plan_2026-03-16.md	12471	openamp_patch_docs	restored_in_archive	docs/archive/initial_commit/Semantic-Communication/session_bootstrap/patches/phytium_openamp_signed_admission_release_v1.4.0_patch_execution_plan_2026-03-16.md
Semantic-Communication/session_bootstrap/patches/phytium_openamp_signed_manifest_patch_plan_2026-03-16.md	6648	openamp_patch_docs	restored_in_archive	docs/archive/initial_commit/Semantic-Communication/session_bootstrap/patches/phytium_openamp_signed_manifest_patch_plan_2026-03-16.md
Semantic-Communication/session_bootstrap/pytorch_reference_local/README.md	1633	project_module_docs	restored_in_archive	docs/archive/initial_commit/Semantic-Communication/session_bootstrap/pytorch_reference_local/README.md
Semantic-Communication/session_bootstrap/reports/2026-04-02_04-03_work_summary.md	7082	historical_evidence	restored_in_archive	docs/archive/initial_commit/Semantic-Communication/session_bootstrap/reports/2026-04-02_04-03_work_summary.md
Semantic-Communication/session_bootstrap/reports/2026-04-03_1640_project_status_summary.md	6062	historical_evidence	restored_in_archive	docs/archive/initial_commit/Semantic-Communication/session_bootstrap/reports/2026-04-03_1640_project_status_summary.md
Semantic-Communication/session_bootstrap/reports/acl_f32_deconvolution_first_benchmark_20260404.md	5657	historical_evidence	restored_in_archive	docs/archive/initial_commit/Semantic-Communication/session_bootstrap/reports/acl_f32_deconvolution_first_benchmark_20260404.md
Semantic-Communication/session_bootstrap/reports/acl_replace_55pct_hotspots_ab_experiment_definition_20260404.md	8181	historical_evidence	restored_in_archive	docs/archive/initial_commit/Semantic-Communication/session_bootstrap/reports/acl_replace_55pct_hotspots_ab_experiment_definition_20260404.md
Semantic-Communication/session_bootstrap/reports/acl_replace_55pct_hotspots_reference_layer_ab_result_20260404.md	3618	historical_evidence	restored_in_archive	docs/archive/initial_commit/Semantic-Communication/session_bootstrap/reports/acl_replace_55pct_hotspots_reference_layer_ab_result_20260404.md
Semantic-Communication/session_bootstrap/reports/acl_replaceable_hotspots_asym_padding_probe_20260404.md	3317	historical_evidence	restored_in_archive	docs/archive/initial_commit/Semantic-Communication/session_bootstrap/reports/acl_replaceable_hotspots_asym_padding_probe_20260404.md
Semantic-Communication/session_bootstrap/reports/acl_source_analysis_20260404.md	4930	historical_evidence	restored_in_archive	docs/archive/initial_commit/Semantic-Communication/session_bootstrap/reports/acl_source_analysis_20260404.md
Semantic-Communication/session_bootstrap/reports/agent_decisions/msloop_prep_local_snapdragon_r01.decision.md	900	historical_evidence	restored_in_archive	docs/archive/initial_commit/Semantic-Communication/session_bootstrap/reports/agent_decisions/msloop_prep_local_snapdragon_r01.decision.md
Semantic-Communication/session_bootstrap/reports/agent_decisions/msloop_prep_snapdragon_r01.decision.md	950	historical_evidence	restored_in_archive	docs/archive/initial_commit/Semantic-Communication/session_bootstrap/reports/agent_decisions/msloop_prep_snapdragon_r01.decision.md
Semantic-Communication/session_bootstrap/reports/agent_decisions/msloop_prep_snapdragon_r02.decision.md	617	historical_evidence	restored_in_archive	docs/archive/initial_commit/Semantic-Communication/session_bootstrap/reports/agent_decisions/msloop_prep_snapdragon_r02.decision.md
Semantic-Communication/session_bootstrap/reports/agent_decisions/offline_prep_snapdragon_r02.decision.md	1050	historical_evidence	restored_in_archive	docs/archive/initial_commit/Semantic-Communication/session_bootstrap/reports/agent_decisions/offline_prep_snapdragon_r02.decision.md
Semantic-Communication/session_bootstrap/reports/agent_decisions/verifyloop2_snapdragon_r01.decision.md	1021	historical_evidence	restored_in_archive	docs/archive/initial_commit/Semantic-Communication/session_bootstrap/reports/agent_decisions/verifyloop2_snapdragon_r01.decision.md
Semantic-Communication/session_bootstrap/reports/agent_decisions/verifyloop3_snapdragon_r01.decision.md	853	historical_evidence	restored_in_archive	docs/archive/initial_commit/Semantic-Communication/session_bootstrap/reports/agent_decisions/verifyloop3_snapdragon_r01.decision.md
Semantic-Communication/session_bootstrap/reports/auto_round_summary_20260301_213157.md	1211	historical_evidence	restored_in_archive	docs/archive/initial_commit/Semantic-Communication/session_bootstrap/reports/auto_round_summary_20260301_213157.md
Semantic-Communication/session_bootstrap/reports/auto_round_summary_20260301_214439.md	1215	historical_evidence	restored_in_archive	docs/archive/initial_commit/Semantic-Communication/session_bootstrap/reports/auto_round_summary_20260301_214439.md
Semantic-Communication/session_bootstrap/reports/auto_round_summary_20260301_215701.md	1271	historical_evidence	restored_in_archive	docs/archive/initial_commit/Semantic-Communication/session_bootstrap/reports/auto_round_summary_20260301_215701.md
Semantic-Communication/session_bootstrap/reports/auto_round_summary_20260301_215718.md	1273	historical_evidence	restored_in_archive	docs/archive/initial_commit/Semantic-Communication/session_bootstrap/reports/auto_round_summary_20260301_215718.md
Semantic-Communication/session_bootstrap/reports/auto_round_summary_20260301_215734.md	1273	historical_evidence	restored_in_archive	docs/archive/initial_commit/Semantic-Communication/session_bootstrap/reports/auto_round_summary_20260301_215734.md
Semantic-Communication/session_bootstrap/reports/auto_round_summary_20260301_220235.md	1273	historical_evidence	restored_in_archive	docs/archive/initial_commit/Semantic-Communication/session_bootstrap/reports/auto_round_summary_20260301_220235.md
Semantic-Communication/session_bootstrap/reports/auto_round_summary_20260301_220312.md	1273	historical_evidence	restored_in_archive	docs/archive/initial_commit/Semantic-Communication/session_bootstrap/reports/auto_round_summary_20260301_220312.md
Semantic-Communication/session_bootstrap/reports/auto_round_summary_20260301_222049.md	1269	historical_evidence	restored_in_archive	docs/archive/initial_commit/Semantic-Communication/session_bootstrap/reports/auto_round_summary_20260301_222049.md
Semantic-Communication/session_bootstrap/reports/auto_round_summary_20260301_222053.md	1269	historical_evidence	restored_in_archive	docs/archive/initial_commit/Semantic-Communication/session_bootstrap/reports/auto_round_summary_20260301_222053.md
Semantic-Communication/session_bootstrap/reports/auto_round_summary_20260301_222436.md	1285	historical_evidence	restored_in_archive	docs/archive/initial_commit/Semantic-Communication/session_bootstrap/reports/auto_round_summary_20260301_222436.md
Semantic-Communication/session_bootstrap/reports/auto_round_summary_20260301_222522.md	1285	historical_evidence	restored_in_archive	docs/archive/initial_commit/Semantic-Communication/session_bootstrap/reports/auto_round_summary_20260301_222522.md
Semantic-Communication/session_bootstrap/reports/auto_round_summary_20260301_222558.md	1285	historical_evidence	restored_in_archive	docs/archive/initial_commit/Semantic-Communication/session_bootstrap/reports/auto_round_summary_20260301_222558.md
Semantic-Communication/session_bootstrap/reports/auto_round_summary_20260301_223130.md	1283	historical_evidence	restored_in_archive	docs/archive/initial_commit/Semantic-Communication/session_bootstrap/reports/auto_round_summary_20260301_223130.md
Semantic-Communication/session_bootstrap/reports/auto_round_summary_20260301_231003.md	1289	historical_evidence	restored_in_archive	docs/archive/initial_commit/Semantic-Communication/session_bootstrap/reports/auto_round_summary_20260301_231003.md
Semantic-Communication/session_bootstrap/reports/auto_round_summary_20260302_001226.md	1275	historical_evidence	restored_in_archive	docs/archive/initial_commit/Semantic-Communication/session_bootstrap/reports/auto_round_summary_20260302_001226.md
Semantic-Communication/session_bootstrap/reports/auto_round_summary_20260302_001523.md	1275	historical_evidence	restored_in_archive	docs/archive/initial_commit/Semantic-Communication/session_bootstrap/reports/auto_round_summary_20260302_001523.md
Semantic-Communication/session_bootstrap/reports/auto_round_summary_20260302_001644.md	1275	historical_evidence	restored_in_archive	docs/archive/initial_commit/Semantic-Communication/session_bootstrap/reports/auto_round_summary_20260302_001644.md
Semantic-Communication/session_bootstrap/reports/auto_round_summary_20260302_002940.md	1365	historical_evidence	restored_in_archive	docs/archive/initial_commit/Semantic-Communication/session_bootstrap/reports/auto_round_summary_20260302_002940.md
Semantic-Communication/session_bootstrap/reports/auto_round_summary_20260302_014854.md	1357	historical_evidence	restored_in_archive	docs/archive/initial_commit/Semantic-Communication/session_bootstrap/reports/auto_round_summary_20260302_014854.md
Semantic-Communication/session_bootstrap/reports/auto_round_summary_20260302_015535.md	1371	historical_evidence	restored_in_archive	docs/archive/initial_commit/Semantic-Communication/session_bootstrap/reports/auto_round_summary_20260302_015535.md
Semantic-Communication/session_bootstrap/reports/auto_round_summary_20260302_015641.md	1369	historical_evidence	restored_in_archive	docs/archive/initial_commit/Semantic-Communication/session_bootstrap/reports/auto_round_summary_20260302_015641.md
Semantic-Communication/session_bootstrap/reports/auto_round_summary_20260302_091050.md	1331	historical_evidence	restored_in_archive	docs/archive/initial_commit/Semantic-Communication/session_bootstrap/reports/auto_round_summary_20260302_091050.md
Semantic-Communication/session_bootstrap/reports/auto_round_summary_20260302_092125.md	1331	historical_evidence	restored_in_archive	docs/archive/initial_commit/Semantic-Communication/session_bootstrap/reports/auto_round_summary_20260302_092125.md
Semantic-Communication/session_bootstrap/reports/auto_round_summary_20260302_093228.md	1331	historical_evidence	restored_in_archive	docs/archive/initial_commit/Semantic-Communication/session_bootstrap/reports/auto_round_summary_20260302_093228.md
Semantic-Communication/session_bootstrap/reports/auto_round_summary_20260302_095251.md	1331	historical_evidence	restored_in_archive	docs/archive/initial_commit/Semantic-Communication/session_bootstrap/reports/auto_round_summary_20260302_095251.md
Semantic-Communication/session_bootstrap/reports/award_rescue_execution_checklist_20260319.md	9104	historical_evidence	restored_in_archive	docs/archive/initial_commit/Semantic-Communication/session_bootstrap/reports/award_rescue_execution_checklist_20260319.md
Semantic-Communication/session_bootstrap/reports/award_rescue_metric_truth_table_20260319.md	5986	historical_evidence	restored_in_archive	docs/archive/initial_commit/Semantic-Communication/session_bootstrap/reports/award_rescue_metric_truth_table_20260319.md
Semantic-Communication/session_bootstrap/reports/baseline_export_bridge_local_smoke_20260320_1.md	2696	historical_evidence	restored_in_archive	docs/archive/initial_commit/Semantic-Communication/session_bootstrap/reports/baseline_export_bridge_local_smoke_20260320_1.md
Semantic-Communication/session_bootstrap/reports/big_little_board_state_drift_20260318.md	1951	historical_evidence	restored_in_archive	docs/archive/initial_commit/Semantic-Communication/session_bootstrap/reports/big_little_board_state_drift_20260318.md
Semantic-Communication/session_bootstrap/reports/big_little_compare_20260318_051326.md	560	historical_evidence	restored_in_archive	docs/archive/initial_commit/Semantic-Communication/session_bootstrap/reports/big_little_compare_20260318_051326.md
Semantic-Communication/session_bootstrap/reports/big_little_compare_20260318_053619.md	559	historical_evidence	present	docs/archive/initial_commit/Semantic-Communication/session_bootstrap/reports/big_little_compare_20260318_053619.md
Semantic-Communication/session_bootstrap/reports/big_little_compare_20260318_095615.md	576	historical_evidence	present	docs/archive/initial_commit/Semantic-Communication/session_bootstrap/reports/big_little_compare_20260318_095615.md
Semantic-Communication/session_bootstrap/reports/big_little_compare_20260318_123300.md	574	historical_evidence	present	docs/archive/initial_commit/Semantic-Communication/session_bootstrap/reports/big_little_compare_20260318_123300.md
Semantic-Communication/session_bootstrap/reports/big_little_overnight_handoff_20260318.md	4945	historical_evidence	restored_in_archive	docs/archive/initial_commit/Semantic-Communication/session_bootstrap/reports/big_little_overnight_handoff_20260318.md
Semantic-Communication/session_bootstrap/reports/big_little_pipeline_bestcurrent_snr10_current_20260318_095811.md	842	historical_evidence	restored_in_archive	docs/archive/initial_commit/Semantic-Communication/session_bootstrap/reports/big_little_pipeline_bestcurrent_snr10_current_20260318_095811.md
Semantic-Communication/session_bootstrap/reports/big_little_pipeline_bestcurrent_snr10_current_20260318_123421.md	851	historical_evidence	restored_in_archive	docs/archive/initial_commit/Semantic-Communication/session_bootstrap/reports/big_little_pipeline_bestcurrent_snr10_current_20260318_123421.md
Semantic-Communication/session_bootstrap/reports/big_little_pipeline_current_20260318_051520.md	806	historical_evidence	restored_in_archive	docs/archive/initial_commit/Semantic-Communication/session_bootstrap/reports/big_little_pipeline_current_20260318_051520.md
Semantic-Communication/session_bootstrap/reports/big_little_pipeline_current_20260318_053813.md	806	historical_evidence	restored_in_archive	docs/archive/initial_commit/Semantic-Communication/session_bootstrap/reports/big_little_pipeline_current_20260318_053813.md
Semantic-Communication/session_bootstrap/reports/big_little_real_run_summary_20260318.md	7860	historical_evidence	restored_in_archive	docs/archive/initial_commit/Semantic-Communication/session_bootstrap/reports/big_little_real_run_summary_20260318.md
Semantic-Communication/session_bootstrap/reports/big_little_topology_capture_20260318_0136.txt	1716	historical_evidence	restored_in_archive	docs/archive/initial_commit/Semantic-Communication/session_bootstrap/reports/big_little_topology_capture_20260318_0136.txt
Semantic-Communication/session_bootstrap/reports/big_little_topology_capture_latest.txt	1726	historical_evidence	restored_in_archive	docs/archive/initial_commit/Semantic-Communication/session_bootstrap/reports/big_little_topology_capture_latest.txt
Semantic-Communication/session_bootstrap/reports/blocked_recheck_handoff_20260308_0949.md	2158	historical_evidence	restored_in_archive	docs/archive/initial_commit/Semantic-Communication/session_bootstrap/reports/blocked_recheck_handoff_20260308_0949.md
Semantic-Communication/session_bootstrap/reports/board_offline_resume_plan_20260309.md	1397	historical_evidence	restored_in_archive	docs/archive/initial_commit/Semantic-Communication/session_bootstrap/reports/board_offline_resume_plan_20260309.md
Semantic-Communication/session_bootstrap/reports/conv2d3_add15_local_handwritten_lane_summary_20260331.md	3610	historical_evidence	restored_in_archive	docs/archive/initial_commit/Semantic-Communication/session_bootstrap/reports/conv2d3_add15_local_handwritten_lane_summary_20260331.md
Semantic-Communication/session_bootstrap/reports/conv2d3_add15_p2_local_prep_20260331_222242.md	4251	historical_evidence	restored_in_archive	docs/archive/initial_commit/Semantic-Communication/session_bootstrap/reports/conv2d3_add15_p2_local_prep_20260331_222242.md
Semantic-Communication/session_bootstrap/reports/conv2d3_add15_p2_remote_benchmark_20260331_223100.md	2057	historical_evidence	restored_in_archive	docs/archive/initial_commit/Semantic-Communication/session_bootstrap/reports/conv2d3_add15_p2_remote_benchmark_20260331_223100.md
Semantic-Communication/session_bootstrap/reports/conv2d3_add15_p4_local_prep_20260331_224047.md	4154	historical_evidence	restored_in_archive	docs/archive/initial_commit/Semantic-Communication/session_bootstrap/reports/conv2d3_add15_p4_local_prep_20260331_224047.md
Semantic-Communication/session_bootstrap/reports/conv2d3_add15_p4_remote_benchmark_20260331_224339.md	1997	historical_evidence	restored_in_archive	docs/archive/initial_commit/Semantic-Communication/session_bootstrap/reports/conv2d3_add15_p4_remote_benchmark_20260331_224339.md
Semantic-Communication/session_bootstrap/reports/conv2d3_add15_v1_local_prep_20260331_220554.md	4015	historical_evidence	restored_in_archive	docs/archive/initial_commit/Semantic-Communication/session_bootstrap/reports/conv2d3_add15_v1_local_prep_20260331_220554.md
Semantic-Communication/session_bootstrap/reports/conv2d3_add15_v1_remote_benchmark_20260331_221417.md	2088	historical_evidence	restored_in_archive	docs/archive/initial_commit/Semantic-Communication/session_bootstrap/reports/conv2d3_add15_v1_remote_benchmark_20260331_221417.md
Semantic-Communication/session_bootstrap/reports/conv2d3_add15_v2_local_prep_20260402_115726.md	8580	historical_evidence	restored_in_archive	docs/archive/initial_commit/Semantic-Communication/session_bootstrap/reports/conv2d3_add15_v2_local_prep_20260402_115726.md
Semantic-Communication/session_bootstrap/reports/conv2d3_add15_v2_remote_benchmark_20260402_124724.md	3095	historical_evidence	restored_in_archive	docs/archive/initial_commit/Semantic-Communication/session_bootstrap/reports/conv2d3_add15_v2_remote_benchmark_20260402_124724.md
Semantic-Communication/session_bootstrap/reports/current_artifact_root_cause_investigation_20260308.md	20355	historical_evidence	restored_in_archive	docs/archive/initial_commit/Semantic-Communication/session_bootstrap/reports/current_artifact_root_cause_investigation_20260308.md
Semantic-Communication/session_bootstrap/reports/current_best_staging_candidate_20260331.md	3560	historical_evidence	restored_in_archive	docs/archive/initial_commit/Semantic-Communication/session_bootstrap/reports/current_best_staging_candidate_20260331.md
Semantic-Communication/session_bootstrap/reports/current_runtime_compat_blocker_20260309.md	7285	historical_evidence	restored_in_archive	docs/archive/initial_commit/Semantic-Communication/session_bootstrap/reports/current_runtime_compat_blocker_20260309.md
Semantic-Communication/session_bootstrap/reports/current_scheme_b_compare_20260311_195303.md	933	historical_evidence	present	docs/archive/initial_commit/Semantic-Communication/session_bootstrap/reports/current_scheme_b_compare_20260311_195303.md
Semantic-Communication/session_bootstrap/reports/daily_2026-03-01.md	4387	historical_evidence	restored_in_archive	docs/archive/initial_commit/Semantic-Communication/session_bootstrap/reports/daily_2026-03-01.md
Semantic-Communication/session_bootstrap/reports/daily_20260404_openamp_3core_big_little_followup/README.md	13100	historical_evidence	restored_in_archive	docs/archive/initial_commit/Semantic-Communication/session_bootstrap/reports/daily_20260404_openamp_3core_big_little_followup/README.md
Semantic-Communication/session_bootstrap/reports/daily_20260404_openamp_3core_big_little_followup/big_little_compare_20260404_195323.md	988	historical_evidence	restored_in_archive	docs/archive/initial_commit/Semantic-Communication/session_bootstrap/reports/daily_20260404_openamp_3core_big_little_followup/big_little_compare_20260404_195323.md
Semantic-Communication/session_bootstrap/reports/daily_20260404_openamp_3core_big_little_followup/big_little_compare_20260404_195323.post_pipeline.board_state.raw.txt	1726	historical_evidence	restored_in_archive	docs/archive/initial_commit/Semantic-Communication/session_bootstrap/reports/daily_20260404_openamp_3core_big_little_followup/big_little_compare_20260404_195323.post_pipeline.board_state.raw.txt
Semantic-Communication/session_bootstrap/reports/daily_20260404_openamp_3core_big_little_followup/big_little_compare_20260404_195323.pre_pipeline.board_state.raw.txt	1726	historical_evidence	restored_in_archive	docs/archive/initial_commit/Semantic-Communication/session_bootstrap/reports/daily_20260404_openamp_3core_big_little_followup/big_little_compare_20260404_195323.pre_pipeline.board_state.raw.txt
Semantic-Communication/session_bootstrap/reports/daily_20260404_openamp_3core_big_little_followup/big_little_compare_20260404_195323.pre_serial.board_state.raw.txt	1726	historical_evidence	restored_in_archive	docs/archive/initial_commit/Semantic-Communication/session_bootstrap/reports/daily_20260404_openamp_3core_big_little_followup/big_little_compare_20260404_195323.pre_serial.board_state.raw.txt
Semantic-Communication/session_bootstrap/reports/daily_20260404_openamp_3core_big_little_followup/big_little_compare_20260404_195647.md	981	historical_evidence	restored_in_archive	docs/archive/initial_commit/Semantic-Communication/session_bootstrap/reports/daily_20260404_openamp_3core_big_little_followup/big_little_compare_20260404_195647.md
Semantic-Communication/session_bootstrap/reports/daily_20260404_openamp_3core_big_little_followup/big_little_compare_20260404_195647.post_pipeline.board_state.raw.txt	1726	historical_evidence	restored_in_archive	docs/archive/initial_commit/Semantic-Communication/session_bootstrap/reports/daily_20260404_openamp_3core_big_little_followup/big_little_compare_20260404_195647.post_pipeline.board_state.raw.txt
Semantic-Communication/session_bootstrap/reports/daily_20260404_openamp_3core_big_little_followup/big_little_compare_20260404_195647.pre_pipeline.board_state.raw.txt	1726	historical_evidence	restored_in_archive	docs/archive/initial_commit/Semantic-Communication/session_bootstrap/reports/daily_20260404_openamp_3core_big_little_followup/big_little_compare_20260404_195647.pre_pipeline.board_state.raw.txt
Semantic-Communication/session_bootstrap/reports/daily_20260404_openamp_3core_big_little_followup/big_little_compare_20260404_195647.pre_serial.board_state.raw.txt	1726	historical_evidence	restored_in_archive	docs/archive/initial_commit/Semantic-Communication/session_bootstrap/reports/daily_20260404_openamp_3core_big_little_followup/big_little_compare_20260404_195647.pre_serial.board_state.raw.txt
Semantic-Communication/session_bootstrap/reports/daily_20260404_openamp_3core_big_little_followup/big_little_compare_20260404_200243.md	992	historical_evidence	restored_in_archive	docs/archive/initial_commit/Semantic-Communication/session_bootstrap/reports/daily_20260404_openamp_3core_big_little_followup/big_little_compare_20260404_200243.md
Semantic-Communication/session_bootstrap/reports/daily_20260404_openamp_3core_big_little_followup/big_little_compare_20260404_200243.post_pipeline.board_state.raw.txt	1726	historical_evidence	restored_in_archive	docs/archive/initial_commit/Semantic-Communication/session_bootstrap/reports/daily_20260404_openamp_3core_big_little_followup/big_little_compare_20260404_200243.post_pipeline.board_state.raw.txt
Semantic-Communication/session_bootstrap/reports/daily_20260404_openamp_3core_big_little_followup/big_little_compare_20260404_200243.pre_pipeline.board_state.raw.txt	1726	historical_evidence	restored_in_archive	docs/archive/initial_commit/Semantic-Communication/session_bootstrap/reports/daily_20260404_openamp_3core_big_little_followup/big_little_compare_20260404_200243.pre_pipeline.board_state.raw.txt
Semantic-Communication/session_bootstrap/reports/daily_20260404_openamp_3core_big_little_followup/big_little_compare_20260404_200243.pre_serial.board_state.raw.txt	1726	historical_evidence	restored_in_archive	docs/archive/initial_commit/Semantic-Communication/session_bootstrap/reports/daily_20260404_openamp_3core_big_little_followup/big_little_compare_20260404_200243.pre_serial.board_state.raw.txt
Semantic-Communication/session_bootstrap/reports/daily_20260404_openamp_3core_big_little_followup/big_little_compare_20260406_191650.md	958	historical_evidence	restored_in_archive	docs/archive/initial_commit/Semantic-Communication/session_bootstrap/reports/daily_20260404_openamp_3core_big_little_followup/big_little_compare_20260406_191650.md
Semantic-Communication/session_bootstrap/reports/daily_20260404_openamp_3core_big_little_followup/big_little_compare_20260406_191650.post_pipeline.board_state.raw.txt	1726	historical_evidence	restored_in_archive	docs/archive/initial_commit/Semantic-Communication/session_bootstrap/reports/daily_20260404_openamp_3core_big_little_followup/big_little_compare_20260406_191650.post_pipeline.board_state.raw.txt
Semantic-Communication/session_bootstrap/reports/daily_20260404_openamp_3core_big_little_followup/big_little_compare_20260406_191650.pre_pipeline.board_state.raw.txt	1726	historical_evidence	restored_in_archive	docs/archive/initial_commit/Semantic-Communication/session_bootstrap/reports/daily_20260404_openamp_3core_big_little_followup/big_little_compare_20260406_191650.pre_pipeline.board_state.raw.txt
Semantic-Communication/session_bootstrap/reports/daily_20260404_openamp_3core_big_little_followup/big_little_compare_20260406_191650.pre_serial.board_state.raw.txt	1726	historical_evidence	restored_in_archive	docs/archive/initial_commit/Semantic-Communication/session_bootstrap/reports/daily_20260404_openamp_3core_big_little_followup/big_little_compare_20260406_191650.pre_serial.board_state.raw.txt
Semantic-Communication/session_bootstrap/reports/daily_20260404_openamp_3core_big_little_followup/big_little_compare_20260406_192859.md	943	historical_evidence	restored_in_archive	docs/archive/initial_commit/Semantic-Communication/session_bootstrap/reports/daily_20260404_openamp_3core_big_little_followup/big_little_compare_20260406_192859.md
Semantic-Communication/session_bootstrap/reports/daily_20260404_openamp_3core_big_little_followup/big_little_compare_20260406_192859.post_pipeline.board_state.raw.txt	1726	historical_evidence	restored_in_archive	docs/archive/initial_commit/Semantic-Communication/session_bootstrap/reports/daily_20260404_openamp_3core_big_little_followup/big_little_compare_20260406_192859.post_pipeline.board_state.raw.txt
Semantic-Communication/session_bootstrap/reports/daily_20260404_openamp_3core_big_little_followup/big_little_compare_20260406_192859.pre_pipeline.board_state.raw.txt	1726	historical_evidence	restored_in_archive	docs/archive/initial_commit/Semantic-Communication/session_bootstrap/reports/daily_20260404_openamp_3core_big_little_followup/big_little_compare_20260406_192859.pre_pipeline.board_state.raw.txt
Semantic-Communication/session_bootstrap/reports/daily_20260404_openamp_3core_big_little_followup/big_little_compare_20260406_192859.pre_serial.board_state.raw.txt	1726	historical_evidence	restored_in_archive	docs/archive/initial_commit/Semantic-Communication/session_bootstrap/reports/daily_20260404_openamp_3core_big_little_followup/big_little_compare_20260406_192859.pre_serial.board_state.raw.txt
Semantic-Communication/session_bootstrap/reports/daily_20260404_openamp_3core_big_little_followup/big_little_compare_20260406_193231.md	933	historical_evidence	restored_in_archive	docs/archive/initial_commit/Semantic-Communication/session_bootstrap/reports/daily_20260404_openamp_3core_big_little_followup/big_little_compare_20260406_193231.md
Semantic-Communication/session_bootstrap/reports/daily_20260404_openamp_3core_big_little_followup/big_little_compare_20260406_193231.post_pipeline.board_state.raw.txt	1726	historical_evidence	restored_in_archive	docs/archive/initial_commit/Semantic-Communication/session_bootstrap/reports/daily_20260404_openamp_3core_big_little_followup/big_little_compare_20260406_193231.post_pipeline.board_state.raw.txt
Semantic-Communication/session_bootstrap/reports/daily_20260404_openamp_3core_big_little_followup/big_little_compare_20260406_193231.pre_pipeline.board_state.raw.txt	1726	historical_evidence	restored_in_archive	docs/archive/initial_commit/Semantic-Communication/session_bootstrap/reports/daily_20260404_openamp_3core_big_little_followup/big_little_compare_20260406_193231.pre_pipeline.board_state.raw.txt
Semantic-Communication/session_bootstrap/reports/daily_20260404_openamp_3core_big_little_followup/big_little_compare_20260406_193231.pre_serial.board_state.raw.txt	1726	historical_evidence	restored_in_archive	docs/archive/initial_commit/Semantic-Communication/session_bootstrap/reports/daily_20260404_openamp_3core_big_little_followup/big_little_compare_20260406_193231.pre_serial.board_state.raw.txt
Semantic-Communication/session_bootstrap/reports/daily_20260404_openamp_3core_big_little_followup/openamp3_acl_big_little_current_20260404_195847.md	817	historical_evidence	restored_in_archive	docs/archive/initial_commit/Semantic-Communication/session_bootstrap/reports/daily_20260404_openamp_3core_big_little_followup/openamp3_acl_big_little_current_20260404_195847.md
Semantic-Communication/session_bootstrap/reports/daily_20260404_openamp_3core_big_little_followup/openamp3_acl_big_little_current_20260406_193428.md	817	historical_evidence	restored_in_archive	docs/archive/initial_commit/Semantic-Communication/session_bootstrap/reports/daily_20260404_openamp_3core_big_little_followup/openamp3_acl_big_little_current_20260406_193428.md
Semantic-Communication/session_bootstrap/reports/daily_20260404_openamp_3core_big_little_followup/openamp3_handwritten_big_little_current_20260404_195517.md	833	historical_evidence	restored_in_archive	docs/archive/initial_commit/Semantic-Communication/session_bootstrap/reports/daily_20260404_openamp_3core_big_little_followup/openamp3_handwritten_big_little_current_20260404_195517.md
Semantic-Communication/session_bootstrap/reports/daily_20260404_openamp_3core_big_little_followup/openamp3_handwritten_mean4_v7_big_little_current_20260406_191845.md	850	historical_evidence	restored_in_archive	docs/archive/initial_commit/Semantic-Communication/session_bootstrap/reports/daily_20260404_openamp_3core_big_little_followup/openamp3_handwritten_mean4_v7_big_little_current_20260406_191845.md
Semantic-Communication/session_bootstrap/reports/daily_20260404_openamp_3core_big_little_followup/openamp3_trusted_current_big_little_current_20260404_200443.md	840	historical_evidence	restored_in_archive	docs/archive/initial_commit/Semantic-Communication/session_bootstrap/reports/daily_20260404_openamp_3core_big_little_followup/openamp3_trusted_current_big_little_current_20260404_200443.md
Semantic-Communication/session_bootstrap/reports/daily_20260404_openamp_3core_big_little_followup/openamp3_trusted_current_big_little_current_20260406_193058.md	841	historical_evidence	restored_in_archive	docs/archive/initial_commit/Semantic-Communication/session_bootstrap/reports/daily_20260404_openamp_3core_big_little_followup/openamp3_trusted_current_big_little_current_20260406_193058.md
Semantic-Communication/session_bootstrap/reports/daily_compat_2026-03-01.md	2397	historical_evidence	restored_in_archive	docs/archive/initial_commit/Semantic-Communication/session_bootstrap/reports/daily_compat_2026-03-01.md
Semantic-Communication/session_bootstrap/reports/daily_full_validation_2026-03-01.md	3047	historical_evidence	restored_in_archive	docs/archive/initial_commit/Semantic-Communication/session_bootstrap/reports/daily_full_validation_2026-03-01.md
Semantic-Communication/session_bootstrap/reports/daily_quick_rpc_tune_recheck_20260308_173600.md	7252	historical_evidence	restored_in_archive	docs/archive/initial_commit/Semantic-Communication/session_bootstrap/reports/daily_quick_rpc_tune_recheck_20260308_173600.md
Semantic-Communication/session_bootstrap/reports/daily_quick_rpc_tune_safe_recheck_20260308_165534.md	6660	historical_evidence	restored_in_archive	docs/archive/initial_commit/Semantic-Communication/session_bootstrap/reports/daily_quick_rpc_tune_safe_recheck_20260308_165534.md
Semantic-Communication/session_bootstrap/reports/daily_review_after_fail_2026-03-01.md	3874	historical_evidence	restored_in_archive	docs/archive/initial_commit/Semantic-Communication/session_bootstrap/reports/daily_review_after_fail_2026-03-01.md
Semantic-Communication/session_bootstrap/reports/daily_review_validation_2026-03-01.md	3547	historical_evidence	restored_in_archive	docs/archive/initial_commit/Semantic-Communication/session_bootstrap/reports/daily_review_validation_2026-03-01.md
Semantic-Communication/session_bootstrap/reports/daily_rpc_armv8_lenovo_round1.md	6460	historical_evidence	restored_in_archive	docs/archive/initial_commit/Semantic-Communication/session_bootstrap/reports/daily_rpc_armv8_lenovo_round1.md
Semantic-Communication/session_bootstrap/reports/daily_rpc_armv8_lenovo_round1_20260301_222436.md	16441	historical_evidence	restored_in_archive	docs/archive/initial_commit/Semantic-Communication/session_bootstrap/reports/daily_rpc_armv8_lenovo_round1_20260301_222436.md
Semantic-Communication/session_bootstrap/reports/daily_rpc_armv8_lenovo_round1_20260301_222521.md	17056	historical_evidence	restored_in_archive	docs/archive/initial_commit/Semantic-Communication/session_bootstrap/reports/daily_rpc_armv8_lenovo_round1_20260301_222521.md
Semantic-Communication/session_bootstrap/reports/daily_rpc_armv8_lenovo_round1_20260301_222558.md	17644	historical_evidence	restored_in_archive	docs/archive/initial_commit/Semantic-Communication/session_bootstrap/reports/daily_rpc_armv8_lenovo_round1_20260301_222558.md
Semantic-Communication/session_bootstrap/reports/daily_rpc_armv8_lenovo_round1_20260301_223130.md	18147	historical_evidence	restored_in_archive	docs/archive/initial_commit/Semantic-Communication/session_bootstrap/reports/daily_rpc_armv8_lenovo_round1_20260301_223130.md
Semantic-Communication/session_bootstrap/reports/daily_rpc_armv8_lenovo_round1_20260301_231003.md	18242	historical_evidence	restored_in_archive	docs/archive/initial_commit/Semantic-Communication/session_bootstrap/reports/daily_rpc_armv8_lenovo_round1_20260301_231003.md
Semantic-Communication/session_bootstrap/reports/daily_rpc_armv8_phytium_realcmd_round2.md	10116	historical_evidence	restored_in_archive	docs/archive/initial_commit/Semantic-Communication/session_bootstrap/reports/daily_rpc_armv8_phytium_realcmd_round2.md
Semantic-Communication/session_bootstrap/reports/daily_rpc_armv8_phytium_round1.md	7385	historical_evidence	restored_in_archive	docs/archive/initial_commit/Semantic-Communication/session_bootstrap/reports/daily_rpc_armv8_phytium_round1.md
Semantic-Communication/session_bootstrap/reports/daily_rpc_armv8_snapdragon_local_round1_20260302_002940.md	4206	historical_evidence	restored_in_archive	docs/archive/initial_commit/Semantic-Communication/session_bootstrap/reports/daily_rpc_armv8_snapdragon_local_round1_20260302_002940.md
Semantic-Communication/session_bootstrap/reports/daily_rpc_armv8_snapdragon_local_round1_20260302_014854.md	4206	historical_evidence	restored_in_archive	docs/archive/initial_commit/Semantic-Communication/session_bootstrap/reports/daily_rpc_armv8_snapdragon_local_round1_20260302_014854.md
Semantic-Communication/session_bootstrap/reports/daily_rpc_armv8_snapdragon_local_round1_20260302_015535.md	5024	historical_evidence	restored_in_archive	docs/archive/initial_commit/Semantic-Communication/session_bootstrap/reports/daily_rpc_armv8_snapdragon_local_round1_20260302_015535.md
Semantic-Communication/session_bootstrap/reports/daily_rpc_armv8_snapdragon_local_round1_20260302_015641.md	5683	historical_evidence	restored_in_archive	docs/archive/initial_commit/Semantic-Communication/session_bootstrap/reports/daily_rpc_armv8_snapdragon_local_round1_20260302_015641.md
Semantic-Communication/session_bootstrap/reports/daily_rpc_armv8_snapdragon_local_round1_20260302_091050.md	6322	historical_evidence	restored_in_archive	docs/archive/initial_commit/Semantic-Communication/session_bootstrap/reports/daily_rpc_armv8_snapdragon_local_round1_20260302_091050.md
Semantic-Communication/session_bootstrap/reports/daily_rpc_armv8_snapdragon_local_round1_20260302_092125.md	6950	historical_evidence	restored_in_archive	docs/archive/initial_commit/Semantic-Communication/session_bootstrap/reports/daily_rpc_armv8_snapdragon_local_round1_20260302_092125.md
Semantic-Communication/session_bootstrap/reports/daily_rpc_armv8_snapdragon_local_round1_20260302_093228.md	7578	historical_evidence	restored_in_archive	docs/archive/initial_commit/Semantic-Communication/session_bootstrap/reports/daily_rpc_armv8_snapdragon_local_round1_20260302_093228.md
Semantic-Communication/session_bootstrap/reports/daily_rpc_armv8_snapdragon_local_round1_20260302_095251.md	8207	historical_evidence	restored_in_archive	docs/archive/initial_commit/Semantic-Communication/session_bootstrap/reports/daily_rpc_armv8_snapdragon_local_round1_20260302_095251.md
Semantic-Communication/session_bootstrap/reports/daily_rpc_smoke_first_round.md	5497	historical_evidence	restored_in_archive	docs/archive/initial_commit/Semantic-Communication/session_bootstrap/reports/daily_rpc_smoke_first_round.md
Semantic-Communication/session_bootstrap/reports/daily_rpc_smoke_first_round_20260301_213157.md	11577	historical_evidence	restored_in_archive	docs/archive/initial_commit/Semantic-Communication/session_bootstrap/reports/daily_rpc_smoke_first_round_20260301_213157.md
Semantic-Communication/session_bootstrap/reports/daily_rpc_smoke_first_round_20260301_214439.md	12116	historical_evidence	restored_in_archive	docs/archive/initial_commit/Semantic-Communication/session_bootstrap/reports/daily_rpc_smoke_first_round_20260301_214439.md
Semantic-Communication/session_bootstrap/reports/daily_rpc_smoke_first_round_20260301_215701.md	12641	historical_evidence	restored_in_archive	docs/archive/initial_commit/Semantic-Communication/session_bootstrap/reports/daily_rpc_smoke_first_round_20260301_215701.md
Semantic-Communication/session_bootstrap/reports/daily_rpc_smoke_first_round_20260301_215718.md	13177	historical_evidence	restored_in_archive	docs/archive/initial_commit/Semantic-Communication/session_bootstrap/reports/daily_rpc_smoke_first_round_20260301_215718.md
Semantic-Communication/session_bootstrap/reports/daily_rpc_smoke_first_round_20260301_215734.md	13713	historical_evidence	restored_in_archive	docs/archive/initial_commit/Semantic-Communication/session_bootstrap/reports/daily_rpc_smoke_first_round_20260301_215734.md
Semantic-Communication/session_bootstrap/reports/daily_rpc_smoke_first_round_20260301_220235.md	14249	historical_evidence	restored_in_archive	docs/archive/initial_commit/Semantic-Communication/session_bootstrap/reports/daily_rpc_smoke_first_round_20260301_220235.md
Semantic-Communication/session_bootstrap/reports/daily_rpc_smoke_first_round_20260301_220312.md	14852	historical_evidence	restored_in_archive	docs/archive/initial_commit/Semantic-Communication/session_bootstrap/reports/daily_rpc_smoke_first_round_20260301_220312.md
Semantic-Communication/session_bootstrap/reports/daily_rpc_smoke_first_round_20260301_222048.md	15321	historical_evidence	restored_in_archive	docs/archive/initial_commit/Semantic-Communication/session_bootstrap/reports/daily_rpc_smoke_first_round_20260301_222048.md
Semantic-Communication/session_bootstrap/reports/daily_rpc_smoke_first_round_20260301_222053.md	15857	historical_evidence	restored_in_archive	docs/archive/initial_commit/Semantic-Communication/session_bootstrap/reports/daily_rpc_smoke_first_round_20260301_222053.md
Semantic-Communication/session_bootstrap/reports/daily_rpc_smoke_first_round_20260302_001226.md	2474	historical_evidence	restored_in_archive	docs/archive/initial_commit/Semantic-Communication/session_bootstrap/reports/daily_rpc_smoke_first_round_20260302_001226.md
Semantic-Communication/session_bootstrap/reports/daily_rpc_smoke_first_round_20260302_001523.md	3493	historical_evidence	restored_in_archive	docs/archive/initial_commit/Semantic-Communication/session_bootstrap/reports/daily_rpc_smoke_first_round_20260302_001523.md
Semantic-Communication/session_bootstrap/reports/daily_rpc_smoke_first_round_20260302_001644.md	4228	historical_evidence	restored_in_archive	docs/archive/initial_commit/Semantic-Communication/session_bootstrap/reports/daily_rpc_smoke_first_round_20260302_001644.md
Semantic-Communication/session_bootstrap/reports/daily_rpc_tune_20260306_190304.md	2660	historical_evidence	restored_in_archive	docs/archive/initial_commit/Semantic-Communication/session_bootstrap/reports/daily_rpc_tune_20260306_190304.md
Semantic-Communication/session_bootstrap/reports/daily_rpc_tune_20260306_195803.md	3569	historical_evidence	restored_in_archive	docs/archive/initial_commit/Semantic-Communication/session_bootstrap/reports/daily_rpc_tune_20260306_195803.md
Semantic-Communication/session_bootstrap/reports/daily_rpc_tune_20260308_024940.md	3650	historical_evidence	restored_in_archive	docs/archive/initial_commit/Semantic-Communication/session_bootstrap/reports/daily_rpc_tune_20260308_024940.md
Semantic-Communication/session_bootstrap/reports/daily_rpc_tune_20260308_031126.md	4300	historical_evidence	restored_in_archive	docs/archive/initial_commit/Semantic-Communication/session_bootstrap/reports/daily_rpc_tune_20260308_031126.md
Semantic-Communication/session_bootstrap/reports/daily_rpc_tune_20260309_030632.md	2716	historical_evidence	restored_in_archive	docs/archive/initial_commit/Semantic-Communication/session_bootstrap/reports/daily_rpc_tune_20260309_030632.md
Semantic-Communication/session_bootstrap/reports/daily_rpc_tune_20260309_140430.md	3609	historical_evidence	restored_in_archive	docs/archive/initial_commit/Semantic-Communication/session_bootstrap/reports/daily_rpc_tune_20260309_140430.md
Semantic-Communication/session_bootstrap/reports/daily_rpc_tune_20260309_142512.md	4476	historical_evidence	restored_in_archive	docs/archive/initial_commit/Semantic-Communication/session_bootstrap/reports/daily_rpc_tune_20260309_142512.md
Semantic-Communication/session_bootstrap/reports/defense_appendix_pages_9_12_judge_evidence_20260330.md	4938	historical_evidence	restored_in_archive	docs/archive/initial_commit/Semantic-Communication/session_bootstrap/reports/defense_appendix_pages_9_12_judge_evidence_20260330.md
Semantic-Communication/session_bootstrap/reports/defense_day_onepage_index_20260405.md	4870	historical_evidence	restored_in_archive	docs/archive/initial_commit/Semantic-Communication/session_bootstrap/reports/defense_day_onepage_index_20260405.md
Semantic-Communication/session_bootstrap/reports/defense_deck_outline_20260319.md	7274	historical_evidence	restored_in_archive	docs/archive/initial_commit/Semantic-Communication/session_bootstrap/reports/defense_deck_outline_20260319.md
Semantic-Communication/session_bootstrap/reports/defense_demo_operator_card_20260320.md	5234	historical_evidence	restored_in_archive	docs/archive/initial_commit/Semantic-Communication/session_bootstrap/reports/defense_demo_operator_card_20260320.md
Semantic-Communication/session_bootstrap/reports/defense_dual_role_coordination_card_20260405.md	4581	historical_evidence	restored_in_archive	docs/archive/initial_commit/Semantic-Communication/session_bootstrap/reports/defense_dual_role_coordination_card_20260405.md
Semantic-Communication/session_bootstrap/reports/defense_interrupt_rescue_card_30s_20260405.md	3666	historical_evidence	restored_in_archive	docs/archive/initial_commit/Semantic-Communication/session_bootstrap/reports/defense_interrupt_rescue_card_30s_20260405.md
Semantic-Communication/session_bootstrap/reports/defense_judge_qa_10_cn_20260405.md	7404	historical_evidence	restored_in_archive	docs/archive/initial_commit/Semantic-Communication/session_bootstrap/reports/defense_judge_qa_10_cn_20260405.md
Semantic-Communication/session_bootstrap/reports/defense_materials_bundle_readme_20260405.md	4335	historical_evidence	restored_in_archive	docs/archive/initial_commit/Semantic-Communication/session_bootstrap/reports/defense_materials_bundle_readme_20260405.md
Semantic-Communication/session_bootstrap/reports/defense_ppt_core_pages_1_5_cn_20260405.md	3535	historical_evidence	restored_in_archive	docs/archive/initial_commit/Semantic-Communication/session_bootstrap/reports/defense_ppt_core_pages_1_5_cn_20260405.md
Semantic-Communication/session_bootstrap/reports/defense_ppt_pages_1_5_cn_20260405.md	4257	historical_evidence	restored_in_archive	docs/archive/initial_commit/Semantic-Communication/session_bootstrap/reports/defense_ppt_pages_1_5_cn_20260405.md
Semantic-Communication/session_bootstrap/reports/defense_ppt_pages_1_8_cn_20260319.md	7353	historical_evidence	restored_in_archive	docs/archive/initial_commit/Semantic-Communication/session_bootstrap/reports/defense_ppt_pages_1_8_cn_20260319.md
Semantic-Communication/session_bootstrap/reports/defense_quick_reference_card_20260330_current_chunk4.md	4526	historical_evidence	restored_in_archive	docs/archive/initial_commit/Semantic-Communication/session_bootstrap/reports/defense_quick_reference_card_20260330_current_chunk4.md
Semantic-Communication/session_bootstrap/reports/defense_rehearsal_checklist_20260405.md	4172	historical_evidence	restored_in_archive	docs/archive/initial_commit/Semantic-Communication/session_bootstrap/reports/defense_rehearsal_checklist_20260405.md
Semantic-Communication/session_bootstrap/reports/defense_stress_qa_mock_5rounds_20260405.md	6278	historical_evidence	restored_in_archive	docs/archive/initial_commit/Semantic-Communication/session_bootstrap/reports/defense_stress_qa_mock_5rounds_20260405.md
Semantic-Communication/session_bootstrap/reports/defense_talk_track_1min_20260405.md	2027	historical_evidence	restored_in_archive	docs/archive/initial_commit/Semantic-Communication/session_bootstrap/reports/defense_talk_track_1min_20260405.md
Semantic-Communication/session_bootstrap/reports/defense_talk_track_2min_20260320.md	3559	historical_evidence	restored_in_archive	docs/archive/initial_commit/Semantic-Communication/session_bootstrap/reports/defense_talk_track_2min_20260320.md
Semantic-Communication/session_bootstrap/reports/defense_talk_track_3min_20260405.md	3909	historical_evidence	restored_in_archive	docs/archive/initial_commit/Semantic-Communication/session_bootstrap/reports/defense_talk_track_3min_20260405.md
Semantic-Communication/session_bootstrap/reports/defense_talk_track_5min_20260320.md	5473	historical_evidence	restored_in_archive	docs/archive/initial_commit/Semantic-Communication/session_bootstrap/reports/defense_talk_track_5min_20260320.md
Semantic-Communication/session_bootstrap/reports/experiment_record_full_low_budget_hotspot_2026-03-01_01.md	1290	historical_evidence	restored_in_archive	docs/archive/initial_commit/Semantic-Communication/session_bootstrap/reports/experiment_record_full_low_budget_hotspot_2026-03-01_01.md
Semantic-Communication/session_bootstrap/reports/experiment_record_full_rpc_armv8_lenovo_round1.md	1787	historical_evidence	restored_in_archive	docs/archive/initial_commit/Semantic-Communication/session_bootstrap/reports/experiment_record_full_rpc_armv8_lenovo_round1.md
Semantic-Communication/session_bootstrap/reports/experiment_record_full_rpc_armv8_phytium_round1.md	1783	historical_evidence	restored_in_archive	docs/archive/initial_commit/Semantic-Communication/session_bootstrap/reports/experiment_record_full_rpc_armv8_phytium_round1.md
Semantic-Communication/session_bootstrap/reports/experiment_record_full_rpc_smoke_first_round.md	1750	historical_evidence	restored_in_archive	docs/archive/initial_commit/Semantic-Communication/session_bootstrap/reports/experiment_record_full_rpc_smoke_first_round.md
Semantic-Communication/session_bootstrap/reports/fair_singleop_handwritten_vs_acl_under_openamp3_graph_20260404.md	10276	historical_evidence	restored_in_archive	docs/archive/initial_commit/Semantic-Communication/session_bootstrap/reports/fair_singleop_handwritten_vs_acl_under_openamp3_graph_20260404.md
Semantic-Communication/session_bootstrap/reports/figures/paper_fig_hotspot_operator_threeway_refstyle_cn_20260428.pdf	20023	historical_evidence	restored_in_archive	docs/archive/initial_commit/Semantic-Communication/session_bootstrap/reports/figures/paper_fig_hotspot_operator_threeway_refstyle_cn_20260428.pdf
Semantic-Communication/session_bootstrap/reports/full_low_budget_hotspot_2026-03-01_01.md	1825	historical_evidence	restored_in_archive	docs/archive/initial_commit/Semantic-Communication/session_bootstrap/reports/full_low_budget_hotspot_2026-03-01_01.md
Semantic-Communication/session_bootstrap/reports/full_low_budget_template.md	1473	historical_evidence	restored_in_archive	docs/archive/initial_commit/Semantic-Communication/session_bootstrap/reports/full_low_budget_template.md
Semantic-Communication/session_bootstrap/reports/full_review_ok.md	1017	historical_evidence	restored_in_archive	docs/archive/initial_commit/Semantic-Communication/session_bootstrap/reports/full_review_ok.md
Semantic-Communication/session_bootstrap/reports/full_rpc_armv8_lenovo_round1.md	1700	historical_evidence	restored_in_archive	docs/archive/initial_commit/Semantic-Communication/session_bootstrap/reports/full_rpc_armv8_lenovo_round1.md
Semantic-Communication/session_bootstrap/reports/full_rpc_armv8_phytium_realcmd_round1.md	2129	historical_evidence	restored_in_archive	docs/archive/initial_commit/Semantic-Communication/session_bootstrap/reports/full_rpc_armv8_phytium_realcmd_round1.md
Semantic-Communication/session_bootstrap/reports/full_rpc_armv8_phytium_round1.md	1929	historical_evidence	restored_in_archive	docs/archive/initial_commit/Semantic-Communication/session_bootstrap/reports/full_rpc_armv8_phytium_round1.md
Semantic-Communication/session_bootstrap/reports/full_rpc_armv8_phytium_snr10.md	2123	historical_evidence	restored_in_archive	docs/archive/initial_commit/Semantic-Communication/session_bootstrap/reports/full_rpc_armv8_phytium_snr10.md
Semantic-Communication/session_bootstrap/reports/full_rpc_armv8_phytium_snr12.md	2127	historical_evidence	restored_in_archive	docs/archive/initial_commit/Semantic-Communication/session_bootstrap/reports/full_rpc_armv8_phytium_snr12.md
Semantic-Communication/session_bootstrap/reports/full_rpc_armv8_phytium_snr14.md	2124	historical_evidence	restored_in_archive	docs/archive/initial_commit/Semantic-Communication/session_bootstrap/reports/full_rpc_armv8_phytium_snr14.md
Semantic-Communication/session_bootstrap/reports/full_rpc_armv8_phytium_snr8.md	2124	historical_evidence	restored_in_archive	docs/archive/initial_commit/Semantic-Communication/session_bootstrap/reports/full_rpc_armv8_phytium_snr8.md
Semantic-Communication/session_bootstrap/reports/full_rpc_smoke_first_round.md	1636	historical_evidence	restored_in_archive	docs/archive/initial_commit/Semantic-Communication/session_bootstrap/reports/full_rpc_smoke_first_round.md
Semantic-Communication/session_bootstrap/reports/full_rpc_smoke_first_round_20260301_213157.md	1691	historical_evidence	restored_in_archive	docs/archive/initial_commit/Semantic-Communication/session_bootstrap/reports/full_rpc_smoke_first_round_20260301_213157.md
Semantic-Communication/session_bootstrap/reports/full_smoke.md	1041	historical_evidence	restored_in_archive	docs/archive/initial_commit/Semantic-Communication/session_bootstrap/reports/full_smoke.md
Semantic-Communication/session_bootstrap/reports/handwritten_acl_retest_under_non_openamp_boardstate_2026-04-04.md	3830	historical_evidence	restored_in_archive	docs/archive/initial_commit/Semantic-Communication/session_bootstrap/reports/handwritten_acl_retest_under_non_openamp_boardstate_2026-04-04.md
Semantic-Communication/session_bootstrap/reports/handwritten_acl_retest_under_openamp_3core_boardstate_2026-04-04.md	5409	historical_evidence	restored_in_archive	docs/archive/initial_commit/Semantic-Communication/session_bootstrap/reports/handwritten_acl_retest_under_openamp_3core_boardstate_2026-04-04.md
Semantic-Communication/session_bootstrap/reports/handwritten_hotspot_candidates_20260331.md	7845	historical_evidence	restored_in_archive	docs/archive/initial_commit/Semantic-Communication/session_bootstrap/reports/handwritten_hotspot_candidates_20260331.md
Semantic-Communication/session_bootstrap/reports/handwritten_mean4_v4_line_integration_identity_20260406.md	4206	historical_evidence	restored_in_archive	docs/archive/initial_commit/Semantic-Communication/session_bootstrap/reports/handwritten_mean4_v4_line_integration_identity_20260406.md
Semantic-Communication/session_bootstrap/reports/handwritten_mean4_v5_line_remote_benchmark_20260406_1537.md	6929	historical_evidence	restored_in_archive	docs/archive/initial_commit/Semantic-Communication/session_bootstrap/reports/handwritten_mean4_v5_line_remote_benchmark_20260406_1537.md
Semantic-Communication/session_bootstrap/reports/handwritten_mean4_v6_line_remote_benchmark_20260406_1804.md	7372	historical_evidence	restored_in_archive	docs/archive/initial_commit/Semantic-Communication/session_bootstrap/reports/handwritten_mean4_v6_line_remote_benchmark_20260406_1804.md
Semantic-Communication/session_bootstrap/reports/handwritten_mean4_v7_big_little_compare_20260406_1916.md	3301	historical_evidence	restored_in_archive	docs/archive/initial_commit/Semantic-Communication/session_bootstrap/reports/handwritten_mean4_v7_big_little_compare_20260406_1916.md
Semantic-Communication/session_bootstrap/reports/handwritten_mean4_v7_line_remote_benchmark_20260406_1835.md	8010	historical_evidence	restored_in_archive	docs/archive/initial_commit/Semantic-Communication/session_bootstrap/reports/handwritten_mean4_v7_line_remote_benchmark_20260406_1835.md
Semantic-Communication/session_bootstrap/reports/handwritten_mean4_v7_vs_trusted_current_acl_big_little_compare_20260406_1935.md	2638	historical_evidence	restored_in_archive	docs/archive/initial_commit/Semantic-Communication/session_bootstrap/reports/handwritten_mean4_v7_vs_trusted_current_acl_big_little_compare_20260406_1935.md
Semantic-Communication/session_bootstrap/reports/handwritten_mean4_v7_vs_trusted_current_acl_payload_compare_20260406_1900.md	5710	historical_evidence	restored_in_archive	docs/archive/initial_commit/Semantic-Communication/session_bootstrap/reports/handwritten_mean4_v7_vs_trusted_current_acl_payload_compare_20260406_1900.md
Semantic-Communication/session_bootstrap/reports/handwritten_operator_material_index_20260402.md	9422	historical_evidence	restored_in_archive	docs/archive/initial_commit/Semantic-Communication/session_bootstrap/reports/handwritten_operator_material_index_20260402.md
Semantic-Communication/session_bootstrap/reports/handwritten_operator_materials_archive_20260331.md	12325	historical_evidence	restored_in_archive	docs/archive/initial_commit/Semantic-Communication/session_bootstrap/reports/handwritten_operator_materials_archive_20260331.md
Semantic-Communication/session_bootstrap/reports/handwritten_optimization_status_summary_20260403.md	5218	historical_evidence	restored_in_archive	docs/archive/initial_commit/Semantic-Communication/session_bootstrap/reports/handwritten_optimization_status_summary_20260403.md
Semantic-Communication/session_bootstrap/reports/handwritten_optimization_success_pattern_analysis_20260403.md	5294	historical_evidence	restored_in_archive	docs/archive/initial_commit/Semantic-Communication/session_bootstrap/reports/handwritten_optimization_success_pattern_analysis_20260403.md
Semantic-Communication/session_bootstrap/reports/handwritten_vs_acl_operator_matrix_20260404.md	8106	historical_evidence	restored_in_archive	docs/archive/initial_commit/Semantic-Communication/session_bootstrap/reports/handwritten_vs_acl_operator_matrix_20260404.md
Semantic-Communication/session_bootstrap/reports/hotspot_tasks_20260309_015811.md	563	historical_evidence	restored_in_archive	docs/archive/initial_commit/Semantic-Communication/session_bootstrap/reports/hotspot_tasks_20260309_015811.md
Semantic-Communication/session_bootstrap/reports/hotspot_tasks_20260310_2329.md	566	historical_evidence	restored_in_archive	docs/archive/initial_commit/Semantic-Communication/session_bootstrap/reports/hotspot_tasks_20260310_2329.md
Semantic-Communication/session_bootstrap/reports/hotspot_tasks_20260311_0008.md	2214	historical_evidence	restored_in_archive	docs/archive/initial_commit/Semantic-Communication/session_bootstrap/reports/hotspot_tasks_20260311_0008.md
Semantic-Communication/session_bootstrap/reports/hotspot_tasks_trusted_current_20260312_153906.md	1891	historical_evidence	restored_in_archive	docs/archive/initial_commit/Semantic-Communication/session_bootstrap/reports/hotspot_tasks_trusted_current_20260312_153906.md
Semantic-Communication/session_bootstrap/reports/hotspot_top_2026-03-01.md	818	historical_evidence	restored_in_archive	docs/archive/initial_commit/Semantic-Communication/session_bootstrap/reports/hotspot_top_2026-03-01.md
Semantic-Communication/session_bootstrap/reports/hotspot_top_2026-03-01.txt	34	historical_evidence	restored_in_archive	docs/archive/initial_commit/Semantic-Communication/session_bootstrap/reports/hotspot_top_2026-03-01.txt
Semantic-Communication/session_bootstrap/reports/inference_20260308_192241.md	1713	historical_evidence	restored_in_archive	docs/archive/initial_commit/Semantic-Communication/session_bootstrap/reports/inference_20260308_192241.md
Semantic-Communication/session_bootstrap/reports/inference_20260311_133746.md	2103	historical_evidence	restored_in_archive	docs/archive/initial_commit/Semantic-Communication/session_bootstrap/reports/inference_20260311_133746.md
Semantic-Communication/session_bootstrap/reports/inference_20260311_133750.md	2105	historical_evidence	restored_in_archive	docs/archive/initial_commit/Semantic-Communication/session_bootstrap/reports/inference_20260311_133750.md
Semantic-Communication/session_bootstrap/reports/inference_benchmark_baseline_adapter_notes_20260308.md	2603	historical_evidence	restored_in_archive	docs/archive/initial_commit/Semantic-Communication/session_bootstrap/reports/inference_benchmark_baseline_adapter_notes_20260308.md
Semantic-Communication/session_bootstrap/reports/inference_compare_baseline_vs_currentsafe_20260311_012948.md	1763	historical_evidence	restored_in_archive	docs/archive/initial_commit/Semantic-Communication/session_bootstrap/reports/inference_compare_baseline_vs_currentsafe_20260311_012948.md
Semantic-Communication/session_bootstrap/reports/inference_compare_baseline_vs_currentsafe_20260311_020927.md	1763	historical_evidence	restored_in_archive	docs/archive/initial_commit/Semantic-Communication/session_bootstrap/reports/inference_compare_baseline_vs_currentsafe_20260311_020927.md
Semantic-Communication/session_bootstrap/reports/inference_compare_baseline_vs_currentsafe_20260311_022839.md	1763	historical_evidence	restored_in_archive	docs/archive/initial_commit/Semantic-Communication/session_bootstrap/reports/inference_compare_baseline_vs_currentsafe_20260311_022839.md
Semantic-Communication/session_bootstrap/reports/inference_compare_baseline_vs_currentsafe_final_20260311_024434.md	1870	historical_evidence	restored_in_archive	docs/archive/initial_commit/Semantic-Communication/session_bootstrap/reports/inference_compare_baseline_vs_currentsafe_final_20260311_024434.md
Semantic-Communication/session_bootstrap/reports/inference_compare_baseline_vs_currentsafe_rerun2_20260311_124453.md	2435	historical_evidence	restored_in_archive	docs/archive/initial_commit/Semantic-Communication/session_bootstrap/reports/inference_compare_baseline_vs_currentsafe_rerun2_20260311_124453.md
Semantic-Communication/session_bootstrap/reports/inference_compare_baseline_vs_currentsafe_rerun_20260311_114828.md	2432	historical_evidence	restored_in_archive	docs/archive/initial_commit/Semantic-Communication/session_bootstrap/reports/inference_compare_baseline_vs_currentsafe_rerun_20260311_114828.md
Semantic-Communication/session_bootstrap/reports/inference_compare_baseline_vs_currentsafe_scheme_a_20260311.md	3296	historical_evidence	restored_in_archive	docs/archive/initial_commit/Semantic-Communication/session_bootstrap/reports/inference_compare_baseline_vs_currentsafe_scheme_a_20260311.md
Semantic-Communication/session_bootstrap/reports/inference_compare_currentsafe_chunk4_refresh_20260313_1758.md	2453	historical_evidence	present	docs/archive/initial_commit/Semantic-Communication/session_bootstrap/reports/inference_compare_currentsafe_chunk4_refresh_20260313_1758.md
Semantic-Communication/session_bootstrap/reports/inference_compare_currentsafe_split_topup15_validate_20260313_0002.md	2484	historical_evidence	restored_in_archive	docs/archive/initial_commit/Semantic-Communication/session_bootstrap/reports/inference_compare_currentsafe_split_topup15_validate_20260313_0002.md
Semantic-Communication/session_bootstrap/reports/inference_compare_scheme_a_fair_fixed_20260311_154243.md	2805	historical_evidence	restored_in_archive	docs/archive/initial_commit/Semantic-Communication/session_bootstrap/reports/inference_compare_scheme_a_fair_fixed_20260311_154243.md
Semantic-Communication/session_bootstrap/reports/inference_current_regression_interim_20260308_1949.md	2793	historical_evidence	restored_in_archive	docs/archive/initial_commit/Semantic-Communication/session_bootstrap/reports/inference_current_regression_interim_20260308_1949.md
Semantic-Communication/session_bootstrap/reports/inference_currentsafe_artifact_guard_handoff_20260311.md	2081	historical_evidence	restored_in_archive	docs/archive/initial_commit/Semantic-Communication/session_bootstrap/reports/inference_currentsafe_artifact_guard_handoff_20260311.md
Semantic-Communication/session_bootstrap/reports/inference_currentsafe_guard_validation_20260311_0756.md	1937	historical_evidence	restored_in_archive	docs/archive/initial_commit/Semantic-Communication/session_bootstrap/reports/inference_currentsafe_guard_validation_20260311_0756.md
Semantic-Communication/session_bootstrap/reports/inference_legacy_parse_ok_20260308_1805.md	2053	historical_evidence	restored_in_archive	docs/archive/initial_commit/Semantic-Communication/session_bootstrap/reports/inference_legacy_parse_ok_20260308_1805.md
Semantic-Communication/session_bootstrap/reports/inference_legacy_parse_ok_20260308_1807.md	1629	historical_evidence	restored_in_archive	docs/archive/initial_commit/Semantic-Communication/session_bootstrap/reports/inference_legacy_parse_ok_20260308_1807.md
Semantic-Communication/session_bootstrap/reports/inference_legacy_parse_smoke_20260308_1800.md	2021	historical_evidence	restored_in_archive	docs/archive/initial_commit/Semantic-Communication/session_bootstrap/reports/inference_legacy_parse_smoke_20260308_1800.md
Semantic-Communication/session_bootstrap/reports/inference_local_legacy_wrapper_20260311_015655.md	2559	historical_evidence	restored_in_archive	docs/archive/initial_commit/Semantic-Communication/session_bootstrap/reports/inference_local_legacy_wrapper_20260311_015655.md
Semantic-Communication/session_bootstrap/reports/inference_local_real_reconstruction_validation_20260311.md	2640	historical_evidence	restored_in_archive	docs/archive/initial_commit/Semantic-Communication/session_bootstrap/reports/inference_local_real_reconstruction_validation_20260311.md
Semantic-Communication/session_bootstrap/reports/inference_local_scheme_a_payload_20260311_133729.md	2832	historical_evidence	restored_in_archive	docs/archive/initial_commit/Semantic-Communication/session_bootstrap/reports/inference_local_scheme_a_payload_20260311_133729.md
Semantic-Communication/session_bootstrap/reports/inference_output_shape_caveat_investigation_20260311.md	5396	historical_evidence	restored_in_archive	docs/archive/initial_commit/Semantic-Communication/session_bootstrap/reports/inference_output_shape_caveat_investigation_20260311.md
Semantic-Communication/session_bootstrap/reports/inference_real_reconstruction_compare_currentsafe_chunk4_refresh_20260313_1758.md	2560	historical_evidence	present	docs/archive/initial_commit/Semantic-Communication/session_bootstrap/reports/inference_real_reconstruction_compare_currentsafe_chunk4_refresh_20260313_1758.md
Semantic-Communication/session_bootstrap/reports/inference_real_reconstruction_compare_currentsafe_split_topup15_20260313_003633.md	2514	historical_evidence	restored_in_archive	docs/archive/initial_commit/Semantic-Communication/session_bootstrap/reports/inference_real_reconstruction_compare_currentsafe_split_topup15_20260313_003633.md
Semantic-Communication/session_bootstrap/reports/inference_real_reconstruction_compare_currentsafe_split_topup15_20260313_003633_retry_20260313_005140.md	2634	historical_evidence	restored_in_archive	docs/archive/initial_commit/Semantic-Communication/session_bootstrap/reports/inference_real_reconstruction_compare_currentsafe_split_topup15_20260313_003633_retry_20260313_005140.md
Semantic-Communication/session_bootstrap/reports/inference_real_reconstruction_compare_run_20260311_205944.md	2429	historical_evidence	restored_in_archive	docs/archive/initial_commit/Semantic-Communication/session_bootstrap/reports/inference_real_reconstruction_compare_run_20260311_205944.md
Semantic-Communication/session_bootstrap/reports/inference_real_reconstruction_compare_run_20260311_212301.md	2475	historical_evidence	restored_in_archive	docs/archive/initial_commit/Semantic-Communication/session_bootstrap/reports/inference_real_reconstruction_compare_run_20260311_212301.md
Semantic-Communication/session_bootstrap/reports/inference_real_reconstruction_runner_handoff_20260311.md	3967	historical_evidence	restored_in_archive	docs/archive/initial_commit/Semantic-Communication/session_bootstrap/reports/inference_real_reconstruction_runner_handoff_20260311.md
Semantic-Communication/session_bootstrap/reports/inference_realcmd_compare_20260308_1809.md	2450	historical_evidence	restored_in_archive	docs/archive/initial_commit/Semantic-Communication/session_bootstrap/reports/inference_realcmd_compare_20260308_1809.md
Semantic-Communication/session_bootstrap/reports/inference_realcmd_compare_myenv_20260308_1818.md	2482	historical_evidence	restored_in_archive	docs/archive/initial_commit/Semantic-Communication/session_bootstrap/reports/inference_realcmd_compare_myenv_20260308_1818.md
Semantic-Communication/session_bootstrap/reports/inference_realcmd_compare_tvm310mix_20260308_1828.md	2576	historical_evidence	restored_in_archive	docs/archive/initial_commit/Semantic-Communication/session_bootstrap/reports/inference_realcmd_compare_tvm310mix_20260308_1828.md
Semantic-Communication/session_bootstrap/reports/inference_realcmd_compare_tvm310mix_20260308_1833.md	2577	historical_evidence	restored_in_archive	docs/archive/initial_commit/Semantic-Communication/session_bootstrap/reports/inference_realcmd_compare_tvm310mix_20260308_1833.md
Semantic-Communication/session_bootstrap/reports/inference_safe_smoke_20260308_1750.md	1751	historical_evidence	restored_in_archive	docs/archive/initial_commit/Semantic-Communication/session_bootstrap/reports/inference_safe_smoke_20260308_1750.md
Semantic-Communication/session_bootstrap/reports/inference_scheme_a_baseline_payload_compat_progress_20260311.md	1425	historical_evidence	restored_in_archive	docs/archive/initial_commit/Semantic-Communication/session_bootstrap/reports/inference_scheme_a_baseline_payload_compat_progress_20260311.md
Semantic-Communication/session_bootstrap/reports/judge_evidence_insert_plan_20260330_current_chunk4.md	6368	historical_evidence	restored_in_archive	docs/archive/initial_commit/Semantic-Communication/session_bootstrap/reports/judge_evidence_insert_plan_20260330_current_chunk4.md
Semantic-Communication/session_bootstrap/reports/judge_evidence_legacy_index_20260330.md	2906	historical_evidence	restored_in_archive	docs/archive/initial_commit/Semantic-Communication/session_bootstrap/reports/judge_evidence_legacy_index_20260330.md
Semantic-Communication/session_bootstrap/reports/judge_evidence_pack_20260330.md	7245	historical_evidence	restored_in_archive	docs/archive/initial_commit/Semantic-Communication/session_bootstrap/reports/judge_evidence_pack_20260330.md
Semantic-Communication/session_bootstrap/reports/judge_evidence_pack_20260330_current_chunk4.md	7362	historical_evidence	restored_in_archive	docs/archive/initial_commit/Semantic-Communication/session_bootstrap/reports/judge_evidence_pack_20260330_current_chunk4.md
Semantic-Communication/session_bootstrap/reports/judge_evidence_pack_20260330_current_chunk4_lpips_full.md	7152	historical_evidence	restored_in_archive	docs/archive/initial_commit/Semantic-Communication/session_bootstrap/reports/judge_evidence_pack_20260330_current_chunk4_lpips_full.md
Semantic-Communication/session_bootstrap/reports/judge_evidence_pack_20260330_current_chunk4_lpips_full_profiled.md	7133	historical_evidence	restored_in_archive	docs/archive/initial_commit/Semantic-Communication/session_bootstrap/reports/judge_evidence_pack_20260330_current_chunk4_lpips_full_profiled.md
Semantic-Communication/session_bootstrap/reports/judge_evidence_pack_20260330_current_chunk4_lpips_partial.md	7432	historical_evidence	restored_in_archive	docs/archive/initial_commit/Semantic-Communication/session_bootstrap/reports/judge_evidence_pack_20260330_current_chunk4_lpips_partial.md
Semantic-Communication/session_bootstrap/reports/judge_evidence_pack_20260330_current_chunk4_lpips_profiled.md	7430	historical_evidence	restored_in_archive	docs/archive/initial_commit/Semantic-Communication/session_bootstrap/reports/judge_evidence_pack_20260330_current_chunk4_lpips_profiled.md
Semantic-Communication/session_bootstrap/reports/judge_quality_formal_report_20260330.md	2649	historical_evidence	restored_in_archive	docs/archive/initial_commit/Semantic-Communication/session_bootstrap/reports/judge_quality_formal_report_20260330.md
Semantic-Communication/session_bootstrap/reports/judge_quality_formal_report_20260330_lpips_full.md	2502	historical_evidence	restored_in_archive	docs/archive/initial_commit/Semantic-Communication/session_bootstrap/reports/judge_quality_formal_report_20260330_lpips_full.md
Semantic-Communication/session_bootstrap/reports/judge_quality_formal_report_20260330_lpips_partial.md	2729	historical_evidence	restored_in_archive	docs/archive/initial_commit/Semantic-Communication/session_bootstrap/reports/judge_quality_formal_report_20260330_lpips_partial.md
Semantic-Communication/session_bootstrap/reports/judge_snr_robustness_20260330.md	3282	historical_evidence	restored_in_archive	docs/archive/initial_commit/Semantic-Communication/session_bootstrap/reports/judge_snr_robustness_20260330.md
Semantic-Communication/session_bootstrap/reports/judge_snr_robustness_20260330_current_chunk4.md	4295	historical_evidence	restored_in_archive	docs/archive/initial_commit/Semantic-Communication/session_bootstrap/reports/judge_snr_robustness_20260330_current_chunk4.md
Semantic-Communication/session_bootstrap/reports/legacy_baseline_db_bridge_probe_real_20260320.md	1318	historical_evidence	restored_in_archive	docs/archive/initial_commit/Semantic-Communication/session_bootstrap/reports/legacy_baseline_db_bridge_probe_real_20260320.md
Semantic-Communication/session_bootstrap/reports/local_mock_compare_validation_20260318.md	677	historical_evidence	restored_in_archive	docs/archive/initial_commit/Semantic-Communication/session_bootstrap/reports/local_mock_compare_validation_20260318.md
Semantic-Communication/session_bootstrap/reports/lpips_remote_snr10_retry_20260330_163229_baseline_lpips_remote_crop249.md	2216	historical_evidence	restored_in_archive	docs/archive/initial_commit/Semantic-Communication/session_bootstrap/reports/lpips_remote_snr10_retry_20260330_163229_baseline_lpips_remote_crop249.md
Semantic-Communication/session_bootstrap/reports/lpips_remote_snr10_retry_20260330_163229_lpips_remote.md	2225	historical_evidence	restored_in_archive	docs/archive/initial_commit/Semantic-Communication/session_bootstrap/reports/lpips_remote_snr10_retry_20260330_163229_lpips_remote.md
Semantic-Communication/session_bootstrap/reports/lpips_remote_snr10_retry_20260330_163229_tvm_baseline_vs_current_lpips_crop249.md	2243	historical_evidence	restored_in_archive	docs/archive/initial_commit/Semantic-Communication/session_bootstrap/reports/lpips_remote_snr10_retry_20260330_163229_tvm_baseline_vs_current_lpips_crop249.md
Semantic-Communication/session_bootstrap/reports/mean4_local_handwritten_lane_summary_20260331.md	4727	historical_evidence	restored_in_archive	docs/archive/initial_commit/Semantic-Communication/session_bootstrap/reports/mean4_local_handwritten_lane_summary_20260331.md
Semantic-Communication/session_bootstrap/reports/mean4_v2_local_status_20260403.md	5989	historical_evidence	restored_in_archive	docs/archive/initial_commit/Semantic-Communication/session_bootstrap/reports/mean4_v2_local_status_20260403.md
Semantic-Communication/session_bootstrap/reports/mean4_v2_remote_benchmark_20260403_1627.md	4318	historical_evidence	restored_in_archive	docs/archive/initial_commit/Semantic-Communication/session_bootstrap/reports/mean4_v2_remote_benchmark_20260403_1627.md
Semantic-Communication/session_bootstrap/reports/mean4_v2_remote_benchmark_blocked_20260403.md	5531	historical_evidence	restored_in_archive	docs/archive/initial_commit/Semantic-Communication/session_bootstrap/reports/mean4_v2_remote_benchmark_blocked_20260403.md
Semantic-Communication/session_bootstrap/reports/mean4_v2_remote_sha_guard_fix_20260403.md	4041	historical_evidence	restored_in_archive	docs/archive/initial_commit/Semantic-Communication/session_bootstrap/reports/mean4_v2_remote_sha_guard_fix_20260403.md
Semantic-Communication/session_bootstrap/reports/mean4_v4_local_status_20260406.md	5397	historical_evidence	restored_in_archive	docs/archive/initial_commit/Semantic-Communication/session_bootstrap/reports/mean4_v4_local_status_20260406.md
Semantic-Communication/session_bootstrap/reports/mean4_v4_remote_benchmark_20260406_1425.md	6008	historical_evidence	restored_in_archive	docs/archive/initial_commit/Semantic-Communication/session_bootstrap/reports/mean4_v4_remote_benchmark_20260406_1425.md
Semantic-Communication/session_bootstrap/reports/mean4_v5_local_status_20260406.md	6084	historical_evidence	restored_in_archive	docs/archive/initial_commit/Semantic-Communication/session_bootstrap/reports/mean4_v5_local_status_20260406.md
Semantic-Communication/session_bootstrap/reports/mean4_v5_v6_codegen_inspection_20260406.md	7157	historical_evidence	restored_in_archive	docs/archive/initial_commit/Semantic-Communication/session_bootstrap/reports/mean4_v5_v6_codegen_inspection_20260406.md
Semantic-Communication/session_bootstrap/reports/mean4_v6_local_status_20260406.md	6490	historical_evidence	restored_in_archive	docs/archive/initial_commit/Semantic-Communication/session_bootstrap/reports/mean4_v6_local_status_20260406.md
Semantic-Communication/session_bootstrap/reports/mean4_v6_postmortem_for_opus_20260406.md	10523	historical_evidence	restored_in_archive	docs/archive/initial_commit/Semantic-Communication/session_bootstrap/reports/mean4_v6_postmortem_for_opus_20260406.md
Semantic-Communication/session_bootstrap/reports/mean4_v7_codegen_confirmation_20260406.md	2884	historical_evidence	restored_in_archive	docs/archive/initial_commit/Semantic-Communication/session_bootstrap/reports/mean4_v7_codegen_confirmation_20260406.md
Semantic-Communication/session_bootstrap/reports/mean4_v7_local_status_20260406.md	7016	historical_evidence	restored_in_archive	docs/archive/initial_commit/Semantic-Communication/session_bootstrap/reports/mean4_v7_local_status_20260406.md
Semantic-Communication/session_bootstrap/reports/next_handwritten_speedup_target_after_variance4_20260402.md	4795	historical_evidence	restored_in_archive	docs/archive/initial_commit/Semantic-Communication/session_bootstrap/reports/next_handwritten_speedup_target_after_variance4_20260402.md
Semantic-Communication/session_bootstrap/reports/next_speedup_target_after_transpose1_overlap_closure_20260402.md	3905	historical_evidence	restored_in_archive	docs/archive/initial_commit/Semantic-Communication/session_bootstrap/reports/next_speedup_target_after_transpose1_overlap_closure_20260402.md
Semantic-Communication/session_bootstrap/reports/next_speedup_target_after_transpose2_v3_regression_20260402.md	6311	historical_evidence	restored_in_archive	docs/archive/initial_commit/Semantic-Communication/session_bootstrap/reports/next_speedup_target_after_transpose2_v3_regression_20260402.md
Semantic-Communication/session_bootstrap/reports/next_speedup_target_after_variance4_20260402.md	3077	historical_evidence	restored_in_archive	docs/archive/initial_commit/Semantic-Communication/session_bootstrap/reports/next_speedup_target_after_variance4_20260402.md
Semantic-Communication/session_bootstrap/reports/old_fw_compare_20260314/official.header.txt	942	historical_evidence	restored_in_archive	docs/archive/initial_commit/Semantic-Communication/session_bootstrap/reports/old_fw_compare_20260314/official.header.txt
Semantic-Communication/session_bootstrap/reports/old_fw_compare_20260314/official.sections.txt	2474	historical_evidence	restored_in_archive	docs/archive/initial_commit/Semantic-Communication/session_bootstrap/reports/old_fw_compare_20260314/official.sections.txt
Semantic-Communication/session_bootstrap/reports/old_fw_compare_20260314/official.segments.txt	551	historical_evidence	restored_in_archive	docs/archive/initial_commit/Semantic-Communication/session_bootstrap/reports/old_fw_compare_20260314/official.segments.txt
Semantic-Communication/session_bootstrap/reports/old_fw_compare_20260314/real_candidate_firstdiff_20260314/firstdiff_key_observations_20260314.txt	499	historical_evidence	restored_in_archive	docs/archive/initial_commit/Semantic-Communication/session_bootstrap/reports/old_fw_compare_20260314/real_candidate_firstdiff_20260314/firstdiff_key_observations_20260314.txt
Semantic-Communication/session_bootstrap/reports/old_fw_compare_20260314/real_candidate_firstdiff_20260314/official.nm.txt	17439	historical_evidence	restored_in_archive	docs/archive/initial_commit/Semantic-Communication/session_bootstrap/reports/old_fw_compare_20260314/real_candidate_firstdiff_20260314/official.nm.txt
Semantic-Communication/session_bootstrap/reports/old_fw_compare_20260314/real_candidate_firstdiff_20260314/official.objdump_rodata_data.txt	77868	historical_evidence	restored_in_archive	docs/archive/initial_commit/Semantic-Communication/session_bootstrap/reports/old_fw_compare_20260314/real_candidate_firstdiff_20260314/official.objdump_rodata_data.txt
Semantic-Communication/session_bootstrap/reports/old_fw_compare_20260314/real_candidate_firstdiff_20260314/official.objdump_text.txt	1101784	historical_evidence	restored_in_archive	docs/archive/initial_commit/Semantic-Communication/session_bootstrap/reports/old_fw_compare_20260314/real_candidate_firstdiff_20260314/official.objdump_text.txt
Semantic-Communication/session_bootstrap/reports/old_fw_compare_20260314/real_candidate_firstdiff_20260314/official.readelf_sections.txt	2474	historical_evidence	restored_in_archive	docs/archive/initial_commit/Semantic-Communication/session_bootstrap/reports/old_fw_compare_20260314/real_candidate_firstdiff_20260314/official.readelf_sections.txt
Semantic-Communication/session_bootstrap/reports/old_fw_compare_20260314/real_candidate_firstdiff_20260314/release_v1.4.0.nm.txt	17439	historical_evidence	restored_in_archive	docs/archive/initial_commit/Semantic-Communication/session_bootstrap/reports/old_fw_compare_20260314/real_candidate_firstdiff_20260314/release_v1.4.0.nm.txt
Semantic-Communication/session_bootstrap/reports/old_fw_compare_20260314/real_candidate_firstdiff_20260314/release_v1.4.0.objdump_rodata_data.txt	76249	historical_evidence	restored_in_archive	docs/archive/initial_commit/Semantic-Communication/session_bootstrap/reports/old_fw_compare_20260314/real_candidate_firstdiff_20260314/release_v1.4.0.objdump_rodata_data.txt
Semantic-Communication/session_bootstrap/reports/old_fw_compare_20260314/real_candidate_firstdiff_20260314/release_v1.4.0.objdump_text.txt	1099167	historical_evidence	restored_in_archive	docs/archive/initial_commit/Semantic-Communication/session_bootstrap/reports/old_fw_compare_20260314/real_candidate_firstdiff_20260314/release_v1.4.0.objdump_text.txt
Semantic-Communication/session_bootstrap/reports/old_fw_compare_20260314/real_candidate_firstdiff_20260314/release_v1.4.0.readelf_sections.txt	2723	historical_evidence	restored_in_archive	docs/archive/initial_commit/Semantic-Communication/session_bootstrap/reports/old_fw_compare_20260314/real_candidate_firstdiff_20260314/release_v1.4.0.readelf_sections.txt
Semantic-Communication/session_bootstrap/reports/old_fw_compare_20260314/release_v1.4.0.header.txt	1036	historical_evidence	restored_in_archive	docs/archive/initial_commit/Semantic-Communication/session_bootstrap/reports/old_fw_compare_20260314/release_v1.4.0.header.txt
Semantic-Communication/session_bootstrap/reports/old_fw_compare_20260314/release_v1.4.0.sections.txt	2804	historical_evidence	restored_in_archive	docs/archive/initial_commit/Semantic-Communication/session_bootstrap/reports/old_fw_compare_20260314/release_v1.4.0.sections.txt
Semantic-Communication/session_bootstrap/reports/old_fw_compare_20260314/release_v1.4.0.segments.txt	642	historical_evidence	restored_in_archive	docs/archive/initial_commit/Semantic-Communication/session_bootstrap/reports/old_fw_compare_20260314/release_v1.4.0.segments.txt
Semantic-Communication/session_bootstrap/reports/openamp3_handwritten_mean4_v7_big_little_current_20260502_184903.md	851	historical_evidence	restored_in_archive	docs/archive/initial_commit/Semantic-Communication/session_bootstrap/reports/openamp3_handwritten_mean4_v7_big_little_current_20260502_184903.md
Semantic-Communication/session_bootstrap/reports/openamp3_handwritten_mean4_v7_big_little_current_20260502_185732.md	851	historical_evidence	restored_in_archive	docs/archive/initial_commit/Semantic-Communication/session_bootstrap/reports/openamp3_handwritten_mean4_v7_big_little_current_20260502_185732.md
Semantic-Communication/session_bootstrap/reports/openamp3_handwritten_mean4_v7_big_little_current_20260502_193515.md	851	historical_evidence	restored_in_archive	docs/archive/initial_commit/Semantic-Communication/session_bootstrap/reports/openamp3_handwritten_mean4_v7_big_little_current_20260502_193515.md
Semantic-Communication/session_bootstrap/reports/openamp3_handwritten_mean4_v7_big_little_current_20260502_200010.md	851	historical_evidence	restored_in_archive	docs/archive/initial_commit/Semantic-Communication/session_bootstrap/reports/openamp3_handwritten_mean4_v7_big_little_current_20260502_200010.md
Semantic-Communication/session_bootstrap/reports/openamp3_handwritten_mean4_v7_big_little_current_20260502_203819.md	851	historical_evidence	restored_in_archive	docs/archive/initial_commit/Semantic-Communication/session_bootstrap/reports/openamp3_handwritten_mean4_v7_big_little_current_20260502_203819.md
Semantic-Communication/session_bootstrap/reports/openamp3_handwritten_mean4_v7_big_little_current_20260502_205958.md	850	historical_evidence	restored_in_archive	docs/archive/initial_commit/Semantic-Communication/session_bootstrap/reports/openamp3_handwritten_mean4_v7_big_little_current_20260502_205958.md
Semantic-Communication/session_bootstrap/reports/openamp3_handwritten_mean4_v7_big_little_current_20260502_212637.md	851	historical_evidence	restored_in_archive	docs/archive/initial_commit/Semantic-Communication/session_bootstrap/reports/openamp3_handwritten_mean4_v7_big_little_current_20260502_212637.md
Semantic-Communication/session_bootstrap/reports/openamp3_handwritten_mean4_v7_big_little_current_20260502_222444.md	851	historical_evidence	restored_in_archive	docs/archive/initial_commit/Semantic-Communication/session_bootstrap/reports/openamp3_handwritten_mean4_v7_big_little_current_20260502_222444.md
Semantic-Communication/session_bootstrap/reports/openamp3_handwritten_mean4_v7_big_little_current_20260502_225404.md	851	historical_evidence	restored_in_archive	docs/archive/initial_commit/Semantic-Communication/session_bootstrap/reports/openamp3_handwritten_mean4_v7_big_little_current_20260502_225404.md
Semantic-Communication/session_bootstrap/reports/openamp3_handwritten_mean4_v7_big_little_current_20260502_232223.md	851	historical_evidence	restored_in_archive	docs/archive/initial_commit/Semantic-Communication/session_bootstrap/reports/openamp3_handwritten_mean4_v7_big_little_current_20260502_232223.md
Semantic-Communication/session_bootstrap/reports/openamp3_handwritten_mean4_v7_big_little_current_20260502_233317.md	851	historical_evidence	restored_in_archive	docs/archive/initial_commit/Semantic-Communication/session_bootstrap/reports/openamp3_handwritten_mean4_v7_big_little_current_20260502_233317.md
Semantic-Communication/session_bootstrap/reports/openamp3_handwritten_mean4_v7_big_little_current_20260503_004156.md	849	historical_evidence	restored_in_archive	docs/archive/initial_commit/Semantic-Communication/session_bootstrap/reports/openamp3_handwritten_mean4_v7_big_little_current_20260503_004156.md
Semantic-Communication/session_bootstrap/reports/openamp3_handwritten_mean4_v7_big_little_current_20260503_004306.md	849	historical_evidence	restored_in_archive	docs/archive/initial_commit/Semantic-Communication/session_bootstrap/reports/openamp3_handwritten_mean4_v7_big_little_current_20260503_004306.md
Semantic-Communication/session_bootstrap/reports/openamp3_handwritten_mean4_v7_big_little_current_20260503_005312.md	851	historical_evidence	restored_in_archive	docs/archive/initial_commit/Semantic-Communication/session_bootstrap/reports/openamp3_handwritten_mean4_v7_big_little_current_20260503_005312.md
Semantic-Communication/session_bootstrap/reports/openamp3_handwritten_mean4_v7_big_little_current_20260503_005703.md	849	historical_evidence	restored_in_archive	docs/archive/initial_commit/Semantic-Communication/session_bootstrap/reports/openamp3_handwritten_mean4_v7_big_little_current_20260503_005703.md
Semantic-Communication/session_bootstrap/reports/openamp3_handwritten_mean4_v7_big_little_current_20260503_112325.md	851	historical_evidence	restored_in_archive	docs/archive/initial_commit/Semantic-Communication/session_bootstrap/reports/openamp3_handwritten_mean4_v7_big_little_current_20260503_112325.md
Semantic-Communication/session_bootstrap/reports/openamp3_handwritten_mean4_v7_big_little_current_20260503_123650.md	851	historical_evidence	restored_in_archive	docs/archive/initial_commit/Semantic-Communication/session_bootstrap/reports/openamp3_handwritten_mean4_v7_big_little_current_20260503_123650.md
Semantic-Communication/session_bootstrap/reports/openamp_bridge_send_path_stabilization_2026-03-14.md	1621	historical_evidence	restored_in_archive	docs/archive/initial_commit/Semantic-Communication/session_bootstrap/reports/openamp_bridge_send_path_stabilization_2026-03-14.md
Semantic-Communication/session_bootstrap/reports/openamp_control_plane_evidence_package_20260315/README.md	4864	historical_evidence	restored_in_archive	docs/archive/initial_commit/Semantic-Communication/session_bootstrap/reports/openamp_control_plane_evidence_package_20260315/README.md
Semantic-Communication/session_bootstrap/reports/openamp_control_plane_evidence_package_20260315/coverage_matrix.md	4252	historical_evidence	present	docs/archive/initial_commit/Semantic-Communication/session_bootstrap/reports/openamp_control_plane_evidence_package_20260315/coverage_matrix.md
Semantic-Communication/session_bootstrap/reports/openamp_control_plane_evidence_package_20260315/defense_talk_outline.md	7764	historical_evidence	restored_in_archive	docs/archive/initial_commit/Semantic-Communication/session_bootstrap/reports/openamp_control_plane_evidence_package_20260315/defense_talk_outline.md
Semantic-Communication/session_bootstrap/reports/openamp_control_plane_evidence_package_20260315/degraded_demo_plan.md	5999	historical_evidence	restored_in_archive	docs/archive/initial_commit/Semantic-Communication/session_bootstrap/reports/openamp_control_plane_evidence_package_20260315/degraded_demo_plan.md
Semantic-Communication/session_bootstrap/reports/openamp_control_plane_evidence_package_20260315/demo_four_act_runbook.md	14364	historical_evidence	restored_in_archive	docs/archive/initial_commit/Semantic-Communication/session_bootstrap/reports/openamp_control_plane_evidence_package_20260315/demo_four_act_runbook.md
Semantic-Communication/session_bootstrap/reports/openamp_control_plane_evidence_package_20260315/demo_materials_index.md	6647	historical_evidence	present	docs/archive/initial_commit/Semantic-Communication/session_bootstrap/reports/openamp_control_plane_evidence_package_20260315/demo_materials_index.md
Semantic-Communication/session_bootstrap/reports/openamp_control_plane_evidence_package_20260315/summary_report.md	7352	historical_evidence	present	docs/archive/initial_commit/Semantic-Communication/session_bootstrap/reports/openamp_control_plane_evidence_package_20260315/summary_report.md
Semantic-Communication/session_bootstrap/reports/openamp_demo_72s_script_m9_20260319.md	3726	historical_evidence	restored_in_archive	docs/archive/initial_commit/Semantic-Communication/session_bootstrap/reports/openamp_demo_72s_script_m9_20260319.md
Semantic-Communication/session_bootstrap/reports/openamp_demo_architectural_refactor_m16_20260320.md	2416	historical_evidence	restored_in_archive	docs/archive/initial_commit/Semantic-Communication/session_bootstrap/reports/openamp_demo_architectural_refactor_m16_20260320.md
Semantic-Communication/session_bootstrap/reports/openamp_demo_baseline_semantics_alignment_20260322.md	1684	historical_evidence	restored_in_archive	docs/archive/initial_commit/Semantic-Communication/session_bootstrap/reports/openamp_demo_baseline_semantics_alignment_20260322.md
Semantic-Communication/session_bootstrap/reports/openamp_demo_blackbox_timeline_m3_20260319.md	2060	historical_evidence	restored_in_archive	docs/archive/initial_commit/Semantic-Communication/session_bootstrap/reports/openamp_demo_blackbox_timeline_m3_20260319.md
Semantic-Communication/session_bootstrap/reports/openamp_demo_cheat_sheet_m12_20260319.md	4111	historical_evidence	restored_in_archive	docs/archive/initial_commit/Semantic-Communication/session_bootstrap/reports/openamp_demo_cheat_sheet_m12_20260319.md
Semantic-Communication/session_bootstrap/reports/openamp_demo_claim_matrix_m14_20260319.md	5261	historical_evidence	restored_in_archive	docs/archive/initial_commit/Semantic-Communication/session_bootstrap/reports/openamp_demo_claim_matrix_m14_20260319.md
Semantic-Communication/session_bootstrap/reports/openamp_demo_command_center_m6_20260319.md	2043	historical_evidence	restored_in_archive	docs/archive/initial_commit/Semantic-Communication/session_bootstrap/reports/openamp_demo_command_center_m6_20260319.md
Semantic-Communication/session_bootstrap/reports/openamp_demo_compare_viewer_m4_20260319.md	2118	historical_evidence	restored_in_archive	docs/archive/initial_commit/Semantic-Communication/session_bootstrap/reports/openamp_demo_compare_viewer_m4_20260319.md
Semantic-Communication/session_bootstrap/reports/openamp_demo_dashboard_local_acceptance_20260317.md	2257	historical_evidence	restored_in_archive	docs/archive/initial_commit/Semantic-Communication/session_bootstrap/reports/openamp_demo_dashboard_local_acceptance_20260317.md
Semantic-Communication/session_bootstrap/reports/openamp_demo_delivery_index_m11_20260319.md	6058	historical_evidence	restored_in_archive	docs/archive/initial_commit/Semantic-Communication/session_bootstrap/reports/openamp_demo_delivery_index_m11_20260319.md
Semantic-Communication/session_bootstrap/reports/openamp_demo_docs_closure_summary_2026-04-03.md	4364	historical_evidence	restored_in_archive	docs/archive/initial_commit/Semantic-Communication/session_bootstrap/reports/openamp_demo_docs_closure_summary_2026-04-03.md
Semantic-Communication/session_bootstrap/reports/openamp_demo_event_spine_m0_20260319.md	2722	historical_evidence	restored_in_archive	docs/archive/initial_commit/Semantic-Communication/session_bootstrap/reports/openamp_demo_event_spine_m0_20260319.md
Semantic-Communication/session_bootstrap/reports/openamp_demo_go_nogo_result_20260403_1633.md	8985	historical_evidence	restored_in_archive	docs/archive/initial_commit/Semantic-Communication/session_bootstrap/reports/openamp_demo_go_nogo_result_20260403_1633.md
Semantic-Communication/session_bootstrap/reports/openamp_demo_handoff_manifest_m10_20260319.md	5887	historical_evidence	restored_in_archive	docs/archive/initial_commit/Semantic-Communication/session_bootstrap/reports/openamp_demo_handoff_manifest_m10_20260319.md
Semantic-Communication/session_bootstrap/reports/openamp_demo_job_manifest_gate_m2_20260319.md	3090	historical_evidence	restored_in_archive	docs/archive/initial_commit/Semantic-Communication/session_bootstrap/reports/openamp_demo_job_manifest_gate_m2_20260319.md
Semantic-Communication/session_bootstrap/reports/openamp_demo_link_director_m1_20260319.md	2144	historical_evidence	restored_in_archive	docs/archive/initial_commit/Semantic-Communication/session_bootstrap/reports/openamp_demo_link_director_m1_20260319.md
Semantic-Communication/session_bootstrap/reports/openamp_demo_live_delivery_snapshot_20260317.md	3794	historical_evidence	restored_in_archive	docs/archive/initial_commit/Semantic-Communication/session_bootstrap/reports/openamp_demo_live_delivery_snapshot_20260317.md
Semantic-Communication/session_bootstrap/reports/openamp_demo_live_dualpath_status_20260317.md	4419	historical_evidence	present	docs/archive/initial_commit/Semantic-Communication/session_bootstrap/reports/openamp_demo_live_dualpath_status_20260317.md
Semantic-Communication/session_bootstrap/reports/openamp_demo_local_launch_healthcheck_2026-04-03.md	8439	historical_evidence	restored_in_archive	docs/archive/initial_commit/Semantic-Communication/session_bootstrap/reports/openamp_demo_local_launch_healthcheck_2026-04-03.md
Semantic-Communication/session_bootstrap/reports/openamp_demo_lower_layer_compatibility_mismatch_20260317.md	7075	historical_evidence	restored_in_archive	docs/archive/initial_commit/Semantic-Communication/session_bootstrap/reports/openamp_demo_lower_layer_compatibility_mismatch_20260317.md
Semantic-Communication/session_bootstrap/reports/openamp_demo_open_items_split_2026-04-03.md	4821	historical_evidence	restored_in_archive	docs/archive/initial_commit/Semantic-Communication/session_bootstrap/reports/openamp_demo_open_items_split_2026-04-03.md
Semantic-Communication/session_bootstrap/reports/openamp_demo_operator_cue_m7_20260319.md	2078	historical_evidence	restored_in_archive	docs/archive/initial_commit/Semantic-Communication/session_bootstrap/reports/openamp_demo_operator_cue_m7_20260319.md
Semantic-Communication/session_bootstrap/reports/openamp_demo_operator_runbook_m9_20260319.md	11485	historical_evidence	restored_in_archive	docs/archive/initial_commit/Semantic-Communication/session_bootstrap/reports/openamp_demo_operator_runbook_m9_20260319.md
Semantic-Communication/session_bootstrap/reports/openamp_demo_presentation_day_checklist_2026-04-03.md	5626	historical_evidence	restored_in_archive	docs/archive/initial_commit/Semantic-Communication/session_bootstrap/reports/openamp_demo_presentation_day_checklist_2026-04-03.md
Semantic-Communication/session_bootstrap/reports/openamp_demo_qa_card_m13_20260319.md	6413	historical_evidence	restored_in_archive	docs/archive/initial_commit/Semantic-Communication/session_bootstrap/reports/openamp_demo_qa_card_m13_20260319.md
Semantic-Communication/session_bootstrap/reports/openamp_demo_readiness_m8_20260319.md	4168	historical_evidence	restored_in_archive	docs/archive/initial_commit/Semantic-Communication/session_bootstrap/reports/openamp_demo_readiness_m8_20260319.md
Semantic-Communication/session_bootstrap/reports/openamp_demo_rehearsal_go_nogo_template_2026-04-03.md	4375	historical_evidence	restored_in_archive	docs/archive/initial_commit/Semantic-Communication/session_bootstrap/reports/openamp_demo_rehearsal_go_nogo_template_2026-04-03.md
Semantic-Communication/session_bootstrap/reports/openamp_demo_rehearsal_result_20260403_1633.md	7450	historical_evidence	restored_in_archive	docs/archive/initial_commit/Semantic-Communication/session_bootstrap/reports/openamp_demo_rehearsal_result_20260403_1633.md
Semantic-Communication/session_bootstrap/reports/openamp_demo_safety_panel_m5_20260319.md	2529	historical_evidence	restored_in_archive	docs/archive/initial_commit/Semantic-Communication/session_bootstrap/reports/openamp_demo_safety_panel_m5_20260319.md
Semantic-Communication/session_bootstrap/reports/openamp_demo_task_completion_gate_matrix_2026-04-03.md	3741	historical_evidence	restored_in_archive	docs/archive/initial_commit/Semantic-Communication/session_bootstrap/reports/openamp_demo_task_completion_gate_matrix_2026-04-03.md
Semantic-Communication/session_bootstrap/reports/openamp_demo_topline_acceptance_note_2026-04-03.md	4368	historical_evidence	restored_in_archive	docs/archive/initial_commit/Semantic-Communication/session_bootstrap/reports/openamp_demo_topline_acceptance_note_2026-04-03.md
Semantic-Communication/session_bootstrap/reports/openamp_demo_ui_simplify_m15_20260320.md	3407	historical_evidence	restored_in_archive	docs/archive/initial_commit/Semantic-Communication/session_bootstrap/reports/openamp_demo_ui_simplify_m15_20260320.md
Semantic-Communication/session_bootstrap/reports/openamp_demo_video_script_alignment_2026-04-03.md	2767	historical_evidence	restored_in_archive	docs/archive/initial_commit/Semantic-Communication/session_bootstrap/reports/openamp_demo_video_script_alignment_2026-04-03.md
Semantic-Communication/session_bootstrap/reports/openamp_firmware_pre_restore_backup_2026-03-16.md	1293	historical_evidence	restored_in_archive	docs/archive/initial_commit/Semantic-Communication/session_bootstrap/reports/openamp_firmware_pre_restore_backup_2026-03-16.md
Semantic-Communication/session_bootstrap/reports/openamp_fit02_batch_contract_case_card_2026-04-03.md	5786	historical_evidence	restored_in_archive	docs/archive/initial_commit/Semantic-Communication/session_bootstrap/reports/openamp_fit02_batch_contract_case_card_2026-04-03.md
Semantic-Communication/session_bootstrap/reports/openamp_fit_wrong_sha_board_prep_2026-03-15.md	5731	historical_evidence	restored_in_archive	docs/archive/initial_commit/Semantic-Communication/session_bootstrap/reports/openamp_fit_wrong_sha_board_prep_2026-03-15.md
Semantic-Communication/session_bootstrap/reports/openamp_fit_wrong_sha_remote_probe_blocked_2026-03-15.md	2002	historical_evidence	restored_in_archive	docs/archive/initial_commit/Semantic-Communication/session_bootstrap/reports/openamp_fit_wrong_sha_remote_probe_blocked_2026-03-15.md
Semantic-Communication/session_bootstrap/reports/openamp_fw_delta_compare_20260314/candidate_fetch_error.txt	458	historical_evidence	restored_in_archive	docs/archive/initial_commit/Semantic-Communication/session_bootstrap/reports/openamp_fw_delta_compare_20260314/candidate_fetch_error.txt
Semantic-Communication/session_bootstrap/reports/openamp_fw_delta_compare_20260314/official.file.txt	235	historical_evidence	restored_in_archive	docs/archive/initial_commit/Semantic-Communication/session_bootstrap/reports/openamp_fw_delta_compare_20260314/official.file.txt
Semantic-Communication/session_bootstrap/reports/openamp_fw_delta_compare_20260314/official.readelf_header.txt	942	historical_evidence	restored_in_archive	docs/archive/initial_commit/Semantic-Communication/session_bootstrap/reports/openamp_fw_delta_compare_20260314/official.readelf_header.txt
Semantic-Communication/session_bootstrap/reports/openamp_fw_delta_compare_20260314/official.readelf_sections.txt	2474	historical_evidence	restored_in_archive	docs/archive/initial_commit/Semantic-Communication/session_bootstrap/reports/openamp_fw_delta_compare_20260314/official.readelf_sections.txt
Semantic-Communication/session_bootstrap/reports/openamp_fw_delta_compare_20260314/official.readelf_segments.txt	551	historical_evidence	restored_in_archive	docs/archive/initial_commit/Semantic-Communication/session_bootstrap/reports/openamp_fw_delta_compare_20260314/official.readelf_segments.txt
Semantic-Communication/session_bootstrap/reports/openamp_fw_delta_compare_20260314/official.size_A_d.txt	980	historical_evidence	restored_in_archive	docs/archive/initial_commit/Semantic-Communication/session_bootstrap/reports/openamp_fw_delta_compare_20260314/official.size_A_d.txt
Semantic-Communication/session_bootstrap/reports/openamp_fw_delta_compare_20260314/official.stat.txt	55	historical_evidence	restored_in_archive	docs/archive/initial_commit/Semantic-Communication/session_bootstrap/reports/openamp_fw_delta_compare_20260314/official.stat.txt
Semantic-Communication/session_bootstrap/reports/openamp_heartbeat_timeout_fit_20260315_015841/coverage_matrix.md	1314	historical_evidence	restored_in_archive	docs/archive/initial_commit/Semantic-Communication/session_bootstrap/reports/openamp_heartbeat_timeout_fit_20260315_015841/coverage_matrix.md
Semantic-Communication/session_bootstrap/reports/openamp_heartbeat_timeout_fit_20260315_015841/fit_report_FIT-03.md	1241	historical_evidence	restored_in_archive	docs/archive/initial_commit/Semantic-Communication/session_bootstrap/reports/openamp_heartbeat_timeout_fit_20260315_015841/fit_report_FIT-03.md
Semantic-Communication/session_bootstrap/reports/openamp_heartbeat_timeout_fit_watchdogfix_20260315_023410/coverage_matrix.md	1299	historical_evidence	restored_in_archive	docs/archive/initial_commit/Semantic-Communication/session_bootstrap/reports/openamp_heartbeat_timeout_fit_watchdogfix_20260315_023410/coverage_matrix.md
Semantic-Communication/session_bootstrap/reports/openamp_heartbeat_timeout_fit_watchdogfix_20260315_023410/fit_report_FIT-03.md	1190	historical_evidence	restored_in_archive	docs/archive/initial_commit/Semantic-Communication/session_bootstrap/reports/openamp_heartbeat_timeout_fit_watchdogfix_20260315_023410/fit_report_FIT-03.md
Semantic-Communication/session_bootstrap/reports/openamp_input_contract_fit_20260315_014542/coverage_matrix.md	1142	historical_evidence	restored_in_archive	docs/archive/initial_commit/Semantic-Communication/session_bootstrap/reports/openamp_input_contract_fit_20260315_014542/coverage_matrix.md
Semantic-Communication/session_bootstrap/reports/openamp_input_contract_fit_20260315_014542/fit_report_FIT-02.md	1074	historical_evidence	restored_in_archive	docs/archive/initial_commit/Semantic-Communication/session_bootstrap/reports/openamp_input_contract_fit_20260315_014542/fit_report_FIT-02.md
Semantic-Communication/session_bootstrap/reports/openamp_mock_examples/smoke_20260313_p0p1/coverage_matrix.md	909	historical_evidence	restored_in_archive	docs/archive/initial_commit/Semantic-Communication/session_bootstrap/reports/openamp_mock_examples/smoke_20260313_p0p1/coverage_matrix.md
Semantic-Communication/session_bootstrap/reports/openamp_mock_examples/smoke_20260313_p0p1/deny_input/fit_report_FIT-02.md	569	historical_evidence	restored_in_archive	docs/archive/initial_commit/Semantic-Communication/session_bootstrap/reports/openamp_mock_examples/smoke_20260313_p0p1/deny_input/fit_report_FIT-02.md
Semantic-Communication/session_bootstrap/reports/openamp_mock_examples/smoke_20260313_p0p1/deny_sha/fit_report_FIT-01.md	559	historical_evidence	restored_in_archive	docs/archive/initial_commit/Semantic-Communication/session_bootstrap/reports/openamp_mock_examples/smoke_20260313_p0p1/deny_sha/fit_report_FIT-01.md
Semantic-Communication/session_bootstrap/reports/openamp_mock_examples/smoke_20260313_p0p1/timeout/fit_report_FIT-03.md	552	historical_evidence	restored_in_archive	docs/archive/initial_commit/Semantic-Communication/session_bootstrap/reports/openamp_mock_examples/smoke_20260313_p0p1/timeout/fit_report_FIT-03.md
Semantic-Communication/session_bootstrap/reports/openamp_phase4_bringup_root_cause_2026-03-13.md	8615	historical_evidence	restored_in_archive	docs/archive/initial_commit/Semantic-Communication/session_bootstrap/reports/openamp_phase4_bringup_root_cause_2026-03-13.md
Semantic-Communication/session_bootstrap/reports/openamp_phase4_remote_audit_summary_2026-03-13.md	4532	historical_evidence	restored_in_archive	docs/archive/initial_commit/Semantic-Communication/session_bootstrap/reports/openamp_phase4_remote_audit_summary_2026-03-13.md
Semantic-Communication/session_bootstrap/reports/openamp_phase4_runtime_channel_success_2026-03-14.md	5659	historical_evidence	restored_in_archive	docs/archive/initial_commit/Semantic-Communication/session_bootstrap/reports/openamp_phase4_runtime_channel_success_2026-03-14.md
Semantic-Communication/session_bootstrap/reports/openamp_phase5_firmware_delta_classification_2026-03-14.md	7328	historical_evidence	restored_in_archive	docs/archive/initial_commit/Semantic-Communication/session_bootstrap/reports/openamp_phase5_firmware_delta_classification_2026-03-14.md
Semantic-Communication/session_bootstrap/reports/openamp_phase5_fit01_wrong_sha_success_2026-03-15.md	3648	historical_evidence	restored_in_archive	docs/archive/initial_commit/Semantic-Communication/session_bootstrap/reports/openamp_phase5_fit01_wrong_sha_success_2026-03-15.md
Semantic-Communication/session_bootstrap/reports/openamp_phase5_fit02_input_contract_success_2026-03-15.md	2356	historical_evidence	restored_in_archive	docs/archive/initial_commit/Semantic-Communication/session_bootstrap/reports/openamp_phase5_fit02_input_contract_success_2026-03-15.md
Semantic-Communication/session_bootstrap/reports/openamp_phase5_fit03_timeout_gap_2026-03-15.md	3529	historical_evidence	restored_in_archive	docs/archive/initial_commit/Semantic-Communication/session_bootstrap/reports/openamp_phase5_fit03_timeout_gap_2026-03-15.md
Semantic-Communication/session_bootstrap/reports/openamp_phase5_fit03_watchdog_success_2026-03-15.md	1969	historical_evidence	present	docs/archive/initial_commit/Semantic-Communication/session_bootstrap/reports/openamp_phase5_fit03_watchdog_success_2026-03-15.md
Semantic-Communication/session_bootstrap/reports/openamp_phase5_job_done_success_2026-03-15.md	4348	historical_evidence	present	docs/archive/initial_commit/Semantic-Communication/session_bootstrap/reports/openamp_phase5_job_done_success_2026-03-15.md
Semantic-Communication/session_bootstrap/reports/openamp_phase5_local_build_attempt_2026-03-14.md	6991	historical_evidence	restored_in_archive	docs/archive/initial_commit/Semantic-Communication/session_bootstrap/reports/openamp_phase5_local_build_attempt_2026-03-14.md
Semantic-Communication/session_bootstrap/reports/openamp_phase5_minimal_heartbeat_impl_2026-03-14.md	1766	historical_evidence	restored_in_archive	docs/archive/initial_commit/Semantic-Communication/session_bootstrap/reports/openamp_phase5_minimal_heartbeat_impl_2026-03-14.md
Semantic-Communication/session_bootstrap/reports/openamp_phase5_minimal_heartbeat_timeout_impl_2026-03-15.md	1878	historical_evidence	restored_in_archive	docs/archive/initial_commit/Semantic-Communication/session_bootstrap/reports/openamp_phase5_minimal_heartbeat_timeout_impl_2026-03-15.md
Semantic-Communication/session_bootstrap/reports/openamp_phase5_minimal_job_done_impl_2026-03-15.md	2393	historical_evidence	restored_in_archive	docs/archive/initial_commit/Semantic-Communication/session_bootstrap/reports/openamp_phase5_minimal_job_done_impl_2026-03-15.md
Semantic-Communication/session_bootstrap/reports/openamp_phase5_minimal_job_req_job_ack_extension_impl_2026-03-14.md	2078	historical_evidence	restored_in_archive	docs/archive/initial_commit/Semantic-Communication/session_bootstrap/reports/openamp_phase5_minimal_job_req_job_ack_extension_impl_2026-03-14.md
Semantic-Communication/session_bootstrap/reports/openamp_phase5_minimal_job_req_job_ack_extension_plan_2026-03-14.md	6494	historical_evidence	restored_in_archive	docs/archive/initial_commit/Semantic-Communication/session_bootstrap/reports/openamp_phase5_minimal_job_req_job_ack_extension_plan_2026-03-14.md
Semantic-Communication/session_bootstrap/reports/openamp_phase5_minimal_safe_stop_impl_2026-03-14.md	1770	historical_evidence	restored_in_archive	docs/archive/initial_commit/Semantic-Communication/session_bootstrap/reports/openamp_phase5_minimal_safe_stop_impl_2026-03-14.md
Semantic-Communication/session_bootstrap/reports/openamp_phase5_real_candidate_firstdiff_refinement_2026-03-14.md	7477	historical_evidence	restored_in_archive	docs/archive/initial_commit/Semantic-Communication/session_bootstrap/reports/openamp_phase5_real_candidate_firstdiff_refinement_2026-03-14.md
Semantic-Communication/session_bootstrap/reports/openamp_phase5_real_candidate_runtime_mismatch_hypotheses_2026-03-14.md	7548	historical_evidence	restored_in_archive	docs/archive/initial_commit/Semantic-Communication/session_bootstrap/reports/openamp_phase5_real_candidate_runtime_mismatch_hypotheses_2026-03-14.md
Semantic-Communication/session_bootstrap/reports/openamp_phase5_release_v1.4.0_cold_boot_and_demo_success_2026-03-14.md	3705	historical_evidence	present	docs/archive/initial_commit/Semantic-Communication/session_bootstrap/reports/openamp_phase5_release_v1.4.0_cold_boot_and_demo_success_2026-03-14.md
Semantic-Communication/session_bootstrap/reports/openamp_phase5_release_v1.4.0_job_req_job_ack_success_2026-03-14.md	5185	historical_evidence	restored_in_archive	docs/archive/initial_commit/Semantic-Communication/session_bootstrap/reports/openamp_phase5_release_v1.4.0_job_req_job_ack_success_2026-03-14.md
Semantic-Communication/session_bootstrap/reports/openamp_phase5_release_v1.4.0_live_swap_trial_2026-03-14.md	5673	historical_evidence	restored_in_archive	docs/archive/initial_commit/Semantic-Communication/session_bootstrap/reports/openamp_phase5_release_v1.4.0_live_swap_trial_2026-03-14.md
Semantic-Communication/session_bootstrap/reports/openamp_phase5_release_v1.4.0_second_live_validation_plan_2026-03-14.md	8872	historical_evidence	restored_in_archive	docs/archive/initial_commit/Semantic-Communication/session_bootstrap/reports/openamp_phase5_release_v1.4.0_second_live_validation_plan_2026-03-14.md
Semantic-Communication/session_bootstrap/reports/openamp_phase5_release_v1.4.0_status_req_resp_success_2026-03-14.md	4875	historical_evidence	restored_in_archive	docs/archive/initial_commit/Semantic-Communication/session_bootstrap/reports/openamp_phase5_release_v1.4.0_status_req_resp_success_2026-03-14.md
Semantic-Communication/session_bootstrap/reports/openamp_phase5_safe_stop_success_2026-03-14.md	3947	historical_evidence	restored_in_archive	docs/archive/initial_commit/Semantic-Communication/session_bootstrap/reports/openamp_phase5_safe_stop_success_2026-03-14.md
Semantic-Communication/session_bootstrap/reports/openamp_phase5_source_entry_discovery_2026-03-14.md	4850	historical_evidence	restored_in_archive	docs/archive/initial_commit/Semantic-Communication/session_bootstrap/reports/openamp_phase5_source_entry_discovery_2026-03-14.md
Semantic-Communication/session_bootstrap/reports/openamp_platform_audit_local_20260313.md	5550	historical_evidence	restored_in_archive	docs/archive/initial_commit/Semantic-Communication/session_bootstrap/reports/openamp_platform_audit_local_20260313.md
Semantic-Communication/session_bootstrap/reports/openamp_platform_audit_local_wsl_latest.md	5550	historical_evidence	restored_in_archive	docs/archive/initial_commit/Semantic-Communication/session_bootstrap/reports/openamp_platform_audit_local_wsl_latest.md
Semantic-Communication/session_bootstrap/reports/openamp_platform_audit_phytium_20260313_231014.md	5479	historical_evidence	restored_in_archive	docs/archive/initial_commit/Semantic-Communication/session_bootstrap/reports/openamp_platform_audit_phytium_20260313_231014.md
Semantic-Communication/session_bootstrap/reports/openamp_remaining_protocol_fit_runplan_2026-04-03.md	5771	historical_evidence	restored_in_archive	docs/archive/initial_commit/Semantic-Communication/session_bootstrap/reports/openamp_remaining_protocol_fit_runplan_2026-04-03.md
Semantic-Communication/session_bootstrap/reports/openamp_signed_admission_real_board_success_20260316/README.md	13698	historical_evidence	restored_in_archive	docs/archive/initial_commit/Semantic-Communication/session_bootstrap/reports/openamp_signed_admission_real_board_success_20260316/README.md
Semantic-Communication/session_bootstrap/reports/openamp_tc002_tc010_defense_scope_note_2026-04-03.md	6127	historical_evidence	restored_in_archive	docs/archive/initial_commit/Semantic-Communication/session_bootstrap/reports/openamp_tc002_tc010_defense_scope_note_2026-04-03.md
Semantic-Communication/session_bootstrap/reports/openamp_wrapper_hook_admission_validation_2026-03-14.md	5384	historical_evidence	restored_in_archive	docs/archive/initial_commit/Semantic-Communication/session_bootstrap/reports/openamp_wrapper_hook_admission_validation_2026-03-14.md
Semantic-Communication/session_bootstrap/reports/openamp_wrapper_hook_board_smoke_success_2026-03-14.md	3985	historical_evidence	restored_in_archive	docs/archive/initial_commit/Semantic-Communication/session_bootstrap/reports/openamp_wrapper_hook_board_smoke_success_2026-03-14.md
Semantic-Communication/session_bootstrap/reports/openamp_wrapper_hook_replay_allow_20260314_001/runner_executed.txt	10	historical_evidence	restored_in_archive	docs/archive/initial_commit/Semantic-Communication/session_bootstrap/reports/openamp_wrapper_hook_replay_allow_20260314_001/runner_executed.txt
Semantic-Communication/session_bootstrap/reports/openamp_wrong_sha_fit_20260315_010828/blocked_report.md	587	historical_evidence	restored_in_archive	docs/archive/initial_commit/Semantic-Communication/session_bootstrap/reports/openamp_wrong_sha_fit_20260315_010828/blocked_report.md
Semantic-Communication/session_bootstrap/reports/openamp_wrong_sha_fit_20260315_010828/coverage_matrix.md	893	historical_evidence	restored_in_archive	docs/archive/initial_commit/Semantic-Communication/session_bootstrap/reports/openamp_wrong_sha_fit_20260315_010828/coverage_matrix.md
Semantic-Communication/session_bootstrap/reports/openamp_wrong_sha_fit_20260315_010828/fit_report_FIT-01.md	800	historical_evidence	restored_in_archive	docs/archive/initial_commit/Semantic-Communication/session_bootstrap/reports/openamp_wrong_sha_fit_20260315_010828/fit_report_FIT-01.md
Semantic-Communication/session_bootstrap/reports/openamp_wrong_sha_fit_20260315_010828/ssh_probe/command.txt	194	historical_evidence	restored_in_archive	docs/archive/initial_commit/Semantic-Communication/session_bootstrap/reports/openamp_wrong_sha_fit_20260315_010828/ssh_probe/command.txt
Semantic-Communication/session_bootstrap/reports/openamp_wrong_sha_fit_20260315_012403/coverage_matrix.md	1078	historical_evidence	restored_in_archive	docs/archive/initial_commit/Semantic-Communication/session_bootstrap/reports/openamp_wrong_sha_fit_20260315_012403/coverage_matrix.md
Semantic-Communication/session_bootstrap/reports/openamp_wrong_sha_fit_20260315_012403/fit_report_FIT-01.md	1049	historical_evidence	restored_in_archive	docs/archive/initial_commit/Semantic-Communication/session_bootstrap/reports/openamp_wrong_sha_fit_20260315_012403/fit_report_FIT-01.md
Semantic-Communication/session_bootstrap/reports/opus_candidate_microbenchmark_results_20260403.md	5953	historical_evidence	restored_in_archive	docs/archive/initial_commit/Semantic-Communication/session_bootstrap/reports/opus_candidate_microbenchmark_results_20260403.md
Semantic-Communication/session_bootstrap/reports/opus_optimization_breakthrough_plan_20260403.md	26944	historical_evidence	restored_in_archive	docs/archive/initial_commit/Semantic-Communication/session_bootstrap/reports/opus_optimization_breakthrough_plan_20260403.md
Semantic-Communication/session_bootstrap/reports/p0_p1_status_2026-03-01.md	1299	historical_evidence	restored_in_archive	docs/archive/initial_commit/Semantic-Communication/session_bootstrap/reports/p0_p1_status_2026-03-01.md
Semantic-Communication/session_bootstrap/reports/phytium_baseline_seeded_warm_start_current_incremental_20260311_094548_resume.md	2690	historical_evidence	restored_in_archive	docs/archive/initial_commit/Semantic-Communication/session_bootstrap/reports/phytium_baseline_seeded_warm_start_current_incremental_20260311_094548_resume.md
Semantic-Communication/session_bootstrap/reports/phytium_baseline_seeded_warm_start_current_incremental_chunk3_20260313_131545.md	4250	historical_evidence	restored_in_archive	docs/archive/initial_commit/Semantic-Communication/session_bootstrap/reports/phytium_baseline_seeded_warm_start_current_incremental_chunk3_20260313_131545.md
Semantic-Communication/session_bootstrap/reports/phytium_baseline_seeded_warm_start_current_incremental_chunk4_20260313_131545.md	4250	historical_evidence	restored_in_archive	docs/archive/initial_commit/Semantic-Communication/session_bootstrap/reports/phytium_baseline_seeded_warm_start_current_incremental_chunk4_20260313_131545.md
Semantic-Communication/session_bootstrap/reports/phytium_baseline_seeded_warm_start_current_incremental_round1_20260310_rerun.md	4061	historical_evidence	restored_in_archive	docs/archive/initial_commit/Semantic-Communication/session_bootstrap/reports/phytium_baseline_seeded_warm_start_current_incremental_round1_20260310_rerun.md
Semantic-Communication/session_bootstrap/reports/phytium_baseline_seeded_warm_start_current_incremental_round2_20260311_hotfix.md	4260	historical_evidence	restored_in_archive	docs/archive/initial_commit/Semantic-Communication/session_bootstrap/reports/phytium_baseline_seeded_warm_start_current_incremental_round2_20260311_hotfix.md
Semantic-Communication/session_bootstrap/reports/phytium_baseline_style_current_rebuild_20260320_162720.md	3904	historical_evidence	restored_in_archive	docs/archive/initial_commit/Semantic-Communication/session_bootstrap/reports/phytium_baseline_style_current_rebuild_20260320_162720.md
Semantic-Communication/session_bootstrap/reports/phytium_current_incremental_breakthrough_20260311.md	3285	historical_evidence	restored_in_archive	docs/archive/initial_commit/Semantic-Communication/session_bootstrap/reports/phytium_current_incremental_breakthrough_20260311.md
Semantic-Communication/session_bootstrap/reports/phytium_current_safe_one_shot_smoke_20260310.md	3561	historical_evidence	restored_in_archive	docs/archive/initial_commit/Semantic-Communication/session_bootstrap/reports/phytium_current_safe_one_shot_smoke_20260310.md
Semantic-Communication/session_bootstrap/reports/phytium_current_safe_target_compare_samples_20260310.md	3099	historical_evidence	restored_in_archive	docs/archive/initial_commit/Semantic-Communication/session_bootstrap/reports/phytium_current_safe_target_compare_samples_20260310.md
Semantic-Communication/session_bootstrap/reports/phytium_current_safe_target_compare_samples_20260310_experimental.md	3725	historical_evidence	restored_in_archive	docs/archive/initial_commit/Semantic-Communication/session_bootstrap/reports/phytium_current_safe_target_compare_samples_20260310_experimental.md
Semantic-Communication/session_bootstrap/reports/phytium_current_safe_target_compare_samples_20260310_stable.md	3666	historical_evidence	restored_in_archive	docs/archive/initial_commit/Semantic-Communication/session_bootstrap/reports/phytium_current_safe_target_compare_samples_20260310_stable.md
Semantic-Communication/session_bootstrap/reports/phytium_current_safe_target_compare_smoke_20260310.md	3089	historical_evidence	restored_in_archive	docs/archive/initial_commit/Semantic-Communication/session_bootstrap/reports/phytium_current_safe_target_compare_smoke_20260310.md
Semantic-Communication/session_bootstrap/reports/phytium_current_safe_target_compare_smoke_20260310_experimental.md	3708	historical_evidence	restored_in_archive	docs/archive/initial_commit/Semantic-Communication/session_bootstrap/reports/phytium_current_safe_target_compare_smoke_20260310_experimental.md
Semantic-Communication/session_bootstrap/reports/phytium_current_safe_target_compare_smoke_20260310_stable.md	3651	historical_evidence	restored_in_archive	docs/archive/initial_commit/Semantic-Communication/session_bootstrap/reports/phytium_current_safe_target_compare_smoke_20260310_stable.md
Semantic-Communication/session_bootstrap/reports/phytium_current_target_comparison_safe_runtime_20260310.md	3581	historical_evidence	restored_in_archive	docs/archive/initial_commit/Semantic-Communication/session_bootstrap/reports/phytium_current_target_comparison_safe_runtime_20260310.md
Semantic-Communication/session_bootstrap/reports/phytium_handwritten_fused_conv2d_transpose1_add9_20260331_044114.md	3966	historical_evidence	restored_in_archive	docs/archive/initial_commit/Semantic-Communication/session_bootstrap/reports/phytium_handwritten_fused_conv2d_transpose1_add9_20260331_044114.md
Semantic-Communication/session_bootstrap/reports/phytium_legacy_path_vs_session_bootstrap_2026-03-08.md	7448	historical_evidence	restored_in_archive	docs/archive/initial_commit/Semantic-Communication/session_bootstrap/reports/phytium_legacy_path_vs_session_bootstrap_2026-03-08.md
Semantic-Communication/session_bootstrap/reports/phytium_pi_b205mini_uhd_enablement_20260404.md	3449	historical_evidence	restored_in_archive	docs/archive/initial_commit/Semantic-Communication/session_bootstrap/reports/phytium_pi_b205mini_uhd_enablement_20260404.md
Semantic-Communication/session_bootstrap/reports/phytium_platform_wording_strategy_2026-04-03.md	4457	historical_evidence	restored_in_archive	docs/archive/initial_commit/Semantic-Communication/session_bootstrap/reports/phytium_platform_wording_strategy_2026-04-03.md
Semantic-Communication/session_bootstrap/reports/phytium_runtime_joint_top5_targeted_staging_search_20260330_2205.md	4136	historical_evidence	restored_in_archive	docs/archive/initial_commit/Semantic-Communication/session_bootstrap/reports/phytium_runtime_joint_top5_targeted_staging_search_20260330_2205.md
Semantic-Communication/session_bootstrap/reports/phytium_runtime_joint_top6_refine_staging_search_20260331_0054.md	4182	historical_evidence	restored_in_archive	docs/archive/initial_commit/Semantic-Communication/session_bootstrap/reports/phytium_runtime_joint_top6_refine_staging_search_20260331_0054.md
Semantic-Communication/session_bootstrap/reports/phytium_runtime_joint_top6_targeted_staging_search_20260330_2315.md	4134	historical_evidence	restored_in_archive	docs/archive/initial_commit/Semantic-Communication/session_bootstrap/reports/phytium_runtime_joint_top6_targeted_staging_search_20260330_2315.md
Semantic-Communication/session_bootstrap/reports/phytium_runtime_shifted_top3_targeted_search_20260330_2103.md	4055	historical_evidence	restored_in_archive	docs/archive/initial_commit/Semantic-Communication/session_bootstrap/reports/phytium_runtime_shifted_top3_targeted_search_20260330_2103.md
Semantic-Communication/session_bootstrap/reports/phytium_runtime_top2_targeted_search_20260330_1949.md	3954	historical_evidence	restored_in_archive	docs/archive/initial_commit/Semantic-Communication/session_bootstrap/reports/phytium_runtime_top2_targeted_search_20260330_1949.md
Semantic-Communication/session_bootstrap/reports/phytium_speed_test_summary_20260313_162731.md	11951	historical_evidence	restored_in_archive	docs/archive/initial_commit/Semantic-Communication/session_bootstrap/reports/phytium_speed_test_summary_20260313_162731.md
Semantic-Communication/session_bootstrap/reports/phytium_target_revalidation_2026-03-08.md	7734	historical_evidence	restored_in_archive	docs/archive/initial_commit/Semantic-Communication/session_bootstrap/reports/phytium_target_revalidation_2026-03-08.md
Semantic-Communication/session_bootstrap/reports/phytium_tvm24_python310_migration_2026-03-08.md	3614	historical_evidence	restored_in_archive	docs/archive/initial_commit/Semantic-Communication/session_bootstrap/reports/phytium_tvm24_python310_migration_2026-03-08.md
Semantic-Communication/session_bootstrap/reports/phytium_tvm24_rebuild_plan_and_llvm_matrix_20260309.md	9338	historical_evidence	restored_in_archive	docs/archive/initial_commit/Semantic-Communication/session_bootstrap/reports/phytium_tvm24_rebuild_plan_and_llvm_matrix_20260309.md
Semantic-Communication/session_bootstrap/reports/phytium_tvm24_safe_env_breakthrough_20260310.md	5903	historical_evidence	restored_in_archive	docs/archive/initial_commit/Semantic-Communication/session_bootstrap/reports/phytium_tvm24_safe_env_breakthrough_20260310.md
Semantic-Communication/session_bootstrap/reports/post_closure_differentiator_gating_policy_2026-04-03.md	4254	historical_evidence	restored_in_archive	docs/archive/initial_commit/Semantic-Communication/session_bootstrap/reports/post_closure_differentiator_gating_policy_2026-04-03.md
Semantic-Communication/session_bootstrap/reports/profiling_judge_expanded_10samples_20260403.md	4710	historical_evidence	restored_in_archive	docs/archive/initial_commit/Semantic-Communication/session_bootstrap/reports/profiling_judge_expanded_10samples_20260403.md
Semantic-Communication/session_bootstrap/reports/profiling_judge_multi_20260330_184658.md	4083	historical_evidence	restored_in_archive	docs/archive/initial_commit/Semantic-Communication/session_bootstrap/reports/profiling_judge_multi_20260330_184658.md
Semantic-Communication/session_bootstrap/reports/profiling_judge_multi_20260330_184658/hotspot_tasks_reused.md	1891	historical_evidence	restored_in_archive	docs/archive/initial_commit/Semantic-Communication/session_bootstrap/reports/profiling_judge_multi_20260330_184658/hotspot_tasks_reused.md
Semantic-Communication/session_bootstrap/reports/profiling_judge_refresh_20260330_170808.md	3365	historical_evidence	restored_in_archive	docs/archive/initial_commit/Semantic-Communication/session_bootstrap/reports/profiling_judge_refresh_20260330_170808.md
Semantic-Communication/session_bootstrap/reports/profiling_judge_refresh_20260330_170808/hotspot_tasks_reused.md	1891	historical_evidence	restored_in_archive	docs/archive/initial_commit/Semantic-Communication/session_bootstrap/reports/profiling_judge_refresh_20260330_170808/hotspot_tasks_reused.md
Semantic-Communication/session_bootstrap/reports/profiling_judge_retry_20260330_183807.md	12213	historical_evidence	restored_in_archive	docs/archive/initial_commit/Semantic-Communication/session_bootstrap/reports/profiling_judge_retry_20260330_183807.md
Semantic-Communication/session_bootstrap/reports/profiling_judge_retry_20260330_183807/hotspot_tasks_reused.md	1891	historical_evidence	restored_in_archive	docs/archive/initial_commit/Semantic-Communication/session_bootstrap/reports/profiling_judge_retry_20260330_183807/hotspot_tasks_reused.md
Semantic-Communication/session_bootstrap/reports/profiling_judge_retry_parse_20260330_184026.md	4154	historical_evidence	restored_in_archive	docs/archive/initial_commit/Semantic-Communication/session_bootstrap/reports/profiling_judge_retry_parse_20260330_184026.md
Semantic-Communication/session_bootstrap/reports/profiling_judge_retry_parse_20260330_184026/hotspot_tasks_reused.md	1891	historical_evidence	restored_in_archive	docs/archive/initial_commit/Semantic-Communication/session_bootstrap/reports/profiling_judge_retry_parse_20260330_184026/hotspot_tasks_reused.md
Semantic-Communication/session_bootstrap/reports/profiling_runtime_api_probe_20260330_182717.md	1840	historical_evidence	restored_in_archive	docs/archive/initial_commit/Semantic-Communication/session_bootstrap/reports/profiling_runtime_api_probe_20260330_182717.md
Semantic-Communication/session_bootstrap/reports/profiling_runtime_instance_probe_20260330.md	2652	historical_evidence	restored_in_archive	docs/archive/initial_commit/Semantic-Communication/session_bootstrap/reports/profiling_runtime_instance_probe_20260330.md
Semantic-Communication/session_bootstrap/reports/profiling_runtime_joint_top5_staging_artifact_reprobe_20260330_2301.md	3294	historical_evidence	restored_in_archive	docs/archive/initial_commit/Semantic-Communication/session_bootstrap/reports/profiling_runtime_joint_top5_staging_artifact_reprobe_20260330_2301.md
Semantic-Communication/session_bootstrap/reports/profiling_runtime_joint_top5_staging_artifact_reprobe_20260330_2301/hotspot_tasks_reused.md	1891	historical_evidence	restored_in_archive	docs/archive/initial_commit/Semantic-Communication/session_bootstrap/reports/profiling_runtime_joint_top5_staging_artifact_reprobe_20260330_2301/hotspot_tasks_reused.md
Semantic-Communication/session_bootstrap/reports/profiling_runtime_joint_top5_staging_artifact_reprobe_fixed_20260330_2305.md	4321	historical_evidence	restored_in_archive	docs/archive/initial_commit/Semantic-Communication/session_bootstrap/reports/profiling_runtime_joint_top5_staging_artifact_reprobe_fixed_20260330_2305.md
Semantic-Communication/session_bootstrap/reports/profiling_runtime_joint_top5_staging_artifact_reprobe_fixed_20260330_2305/hotspot_tasks_reused.md	1891	historical_evidence	restored_in_archive	docs/archive/initial_commit/Semantic-Communication/session_bootstrap/reports/profiling_runtime_joint_top5_staging_artifact_reprobe_fixed_20260330_2305/hotspot_tasks_reused.md
Semantic-Communication/session_bootstrap/reports/profiling_runtime_joint_top6_staging_artifact_reprobe_20260331_0010.md	4312	historical_evidence	restored_in_archive	docs/archive/initial_commit/Semantic-Communication/session_bootstrap/reports/profiling_runtime_joint_top6_staging_artifact_reprobe_20260331_0010.md
Semantic-Communication/session_bootstrap/reports/profiling_runtime_joint_top6_staging_artifact_reprobe_20260331_0010/hotspot_tasks_reused.md	1891	historical_evidence	restored_in_archive	docs/archive/initial_commit/Semantic-Communication/session_bootstrap/reports/profiling_runtime_joint_top6_staging_artifact_reprobe_20260331_0010/hotspot_tasks_reused.md
Semantic-Communication/session_bootstrap/reports/profiling_runtime_shifted_top3_tuned_artifact_reprobe_20260330_2200.md	4290	historical_evidence	restored_in_archive	docs/archive/initial_commit/Semantic-Communication/session_bootstrap/reports/profiling_runtime_shifted_top3_tuned_artifact_reprobe_20260330_2200.md
Semantic-Communication/session_bootstrap/reports/profiling_runtime_shifted_top3_tuned_artifact_reprobe_20260330_2200/hotspot_tasks_reused.md	1891	historical_evidence	restored_in_archive	docs/archive/initial_commit/Semantic-Communication/session_bootstrap/reports/profiling_runtime_shifted_top3_tuned_artifact_reprobe_20260330_2200/hotspot_tasks_reused.md
Semantic-Communication/session_bootstrap/reports/profiling_runtime_support_blocker_20260330.md	4411	historical_evidence	restored_in_archive	docs/archive/initial_commit/Semantic-Communication/session_bootstrap/reports/profiling_runtime_support_blocker_20260330.md
Semantic-Communication/session_bootstrap/reports/profiling_runtime_top2_tuned_artifact_20260330_2050.md	3209	historical_evidence	restored_in_archive	docs/archive/initial_commit/Semantic-Communication/session_bootstrap/reports/profiling_runtime_top2_tuned_artifact_20260330_2050.md
Semantic-Communication/session_bootstrap/reports/profiling_runtime_top2_tuned_artifact_20260330_2050/hotspot_tasks_reused.md	1891	historical_evidence	restored_in_archive	docs/archive/initial_commit/Semantic-Communication/session_bootstrap/reports/profiling_runtime_top2_tuned_artifact_20260330_2050/hotspot_tasks_reused.md
Semantic-Communication/session_bootstrap/reports/profiling_runtime_top2_tuned_artifact_reprobe_20260330_2055.md	4121	historical_evidence	restored_in_archive	docs/archive/initial_commit/Semantic-Communication/session_bootstrap/reports/profiling_runtime_top2_tuned_artifact_reprobe_20260330_2055.md
Semantic-Communication/session_bootstrap/reports/profiling_runtime_top2_tuned_artifact_reprobe_20260330_2055/hotspot_tasks_reused.md	1891	historical_evidence	restored_in_archive	docs/archive/initial_commit/Semantic-Communication/session_bootstrap/reports/profiling_runtime_top2_tuned_artifact_reprobe_20260330_2055/hotspot_tasks_reused.md
Semantic-Communication/session_bootstrap/reports/profiling_task51_runtime_probe_20260312_001.md	3134	historical_evidence	restored_in_archive	docs/archive/initial_commit/Semantic-Communication/session_bootstrap/reports/profiling_task51_runtime_probe_20260312_001.md
Semantic-Communication/session_bootstrap/reports/profiling_task51_runtime_probe_20260312_001/hotspot_tasks_reused.md	1891	historical_evidence	restored_in_archive	docs/archive/initial_commit/Semantic-Communication/session_bootstrap/reports/profiling_task51_runtime_probe_20260312_001/hotspot_tasks_reused.md
Semantic-Communication/session_bootstrap/reports/profiling_task51_smoke_local_20260312_001.md	2407	historical_evidence	restored_in_archive	docs/archive/initial_commit/Semantic-Communication/session_bootstrap/reports/profiling_task51_smoke_local_20260312_001.md
Semantic-Communication/session_bootstrap/reports/profiling_task51_smoke_local_20260312_001/hotspot_tasks.md	1891	historical_evidence	restored_in_archive	docs/archive/initial_commit/Semantic-Communication/session_bootstrap/reports/profiling_task51_smoke_local_20260312_001/hotspot_tasks.md
Semantic-Communication/session_bootstrap/reports/profiling_trusted_current_20260312_153906.md	5588	historical_evidence	restored_in_archive	docs/archive/initial_commit/Semantic-Communication/session_bootstrap/reports/profiling_trusted_current_20260312_153906.md
Semantic-Communication/session_bootstrap/reports/profiling_trusted_current_20260312_154323.md	3341	historical_evidence	restored_in_archive	docs/archive/initial_commit/Semantic-Communication/session_bootstrap/reports/profiling_trusted_current_20260312_154323.md
Semantic-Communication/session_bootstrap/reports/profiling_trusted_current_20260312_154323/hotspot_tasks.md	1891	historical_evidence	restored_in_archive	docs/archive/initial_commit/Semantic-Communication/session_bootstrap/reports/profiling_trusted_current_20260312_154323/hotspot_tasks.md
Semantic-Communication/session_bootstrap/reports/project_dual_layer_narrative_and_wording_system_2026-04-03.md	6111	historical_evidence	restored_in_archive	docs/archive/initial_commit/Semantic-Communication/session_bootstrap/reports/project_dual_layer_narrative_and_wording_system_2026-04-03.md
Semantic-Communication/session_bootstrap/reports/project_next_real_blockers_after_docs_freeze_2026-04-03.md	3923	historical_evidence	restored_in_archive	docs/archive/initial_commit/Semantic-Communication/session_bootstrap/reports/project_next_real_blockers_after_docs_freeze_2026-04-03.md
Semantic-Communication/session_bootstrap/reports/project_reframing_for_feiteng_cup_20260319.md	3580	historical_evidence	restored_in_archive	docs/archive/initial_commit/Semantic-Communication/session_bootstrap/reports/project_reframing_for_feiteng_cup_20260319.md
Semantic-Communication/session_bootstrap/reports/project_release_baseline_and_optimization_lineage_2026-04-03.md	5375	historical_evidence	restored_in_archive	docs/archive/initial_commit/Semantic-Communication/session_bootstrap/reports/project_release_baseline_and_optimization_lineage_2026-04-03.md
Semantic-Communication/session_bootstrap/reports/project_speedup_rerank_after_mean4_v2_regression_20260403.md	4905	historical_evidence	restored_in_archive	docs/archive/initial_commit/Semantic-Communication/session_bootstrap/reports/project_speedup_rerank_after_mean4_v2_regression_20260403.md
Semantic-Communication/session_bootstrap/reports/project_speedup_rerank_after_transpose1_closure_20260402.md	5849	historical_evidence	restored_in_archive	docs/archive/initial_commit/Semantic-Communication/session_bootstrap/reports/project_speedup_rerank_after_transpose1_closure_20260402.md
Semantic-Communication/session_bootstrap/reports/project_speedup_rerank_after_transpose2_v4_20260403.md	7984	historical_evidence	restored_in_archive	docs/archive/initial_commit/Semantic-Communication/session_bootstrap/reports/project_speedup_rerank_after_transpose2_v4_20260403.md
Semantic-Communication/session_bootstrap/reports/project_speedup_rerank_after_variance4_freeze_20260403.md	4579	historical_evidence	restored_in_archive	docs/archive/initial_commit/Semantic-Communication/session_bootstrap/reports/project_speedup_rerank_after_variance4_freeze_20260403.md
Semantic-Communication/session_bootstrap/reports/project_status_handover_20260403_1908.md	10061	historical_evidence	restored_in_archive	docs/archive/initial_commit/Semantic-Communication/session_bootstrap/reports/project_status_handover_20260403_1908.md
Semantic-Communication/session_bootstrap/reports/pytorch_default_reference_source_20260319.md	1589	historical_evidence	restored_in_archive	docs/archive/initial_commit/Semantic-Communication/session_bootstrap/reports/pytorch_default_reference_source_20260319.md
Semantic-Communication/session_bootstrap/reports/quality_metrics_20260312_pytorch_vs_tvm_baseline.md	1986	historical_evidence	restored_in_archive	docs/archive/initial_commit/Semantic-Communication/session_bootstrap/reports/quality_metrics_20260312_pytorch_vs_tvm_baseline.md
Semantic-Communication/session_bootstrap/reports/quality_metrics_20260312_pytorch_vs_tvm_current.md	1990	historical_evidence	restored_in_archive	docs/archive/initial_commit/Semantic-Communication/session_bootstrap/reports/quality_metrics_20260312_pytorch_vs_tvm_current.md
Semantic-Communication/session_bootstrap/reports/quality_metrics_20260312_tvm_baseline_vs_tvm_current.md	1996	historical_evidence	restored_in_archive	docs/archive/initial_commit/Semantic-Communication/session_bootstrap/reports/quality_metrics_20260312_tvm_baseline_vs_tvm_current.md
Semantic-Communication/session_bootstrap/reports/quick_review_fail.md	1001	historical_evidence	restored_in_archive	docs/archive/initial_commit/Semantic-Communication/session_bootstrap/reports/quick_review_fail.md
Semantic-Communication/session_bootstrap/reports/quick_review_ok.md	980	historical_evidence	restored_in_archive	docs/archive/initial_commit/Semantic-Communication/session_bootstrap/reports/quick_review_ok.md
Semantic-Communication/session_bootstrap/reports/quick_rpc_armv8_lenovo_round1.md	1409	historical_evidence	restored_in_archive	docs/archive/initial_commit/Semantic-Communication/session_bootstrap/reports/quick_rpc_armv8_lenovo_round1.md
Semantic-Communication/session_bootstrap/reports/quick_rpc_armv8_lenovo_round1_20260301_222436.md	1491	historical_evidence	restored_in_archive	docs/archive/initial_commit/Semantic-Communication/session_bootstrap/reports/quick_rpc_armv8_lenovo_round1_20260301_222436.md
Semantic-Communication/session_bootstrap/reports/quick_rpc_armv8_lenovo_round1_20260301_222521.md	1491	historical_evidence	restored_in_archive	docs/archive/initial_commit/Semantic-Communication/session_bootstrap/reports/quick_rpc_armv8_lenovo_round1_20260301_222521.md
Semantic-Communication/session_bootstrap/reports/quick_rpc_armv8_lenovo_round1_20260301_222558.md	1491	historical_evidence	restored_in_archive	docs/archive/initial_commit/Semantic-Communication/session_bootstrap/reports/quick_rpc_armv8_lenovo_round1_20260301_222558.md
Semantic-Communication/session_bootstrap/reports/quick_rpc_armv8_lenovo_round1_20260301_223130.md	1498	historical_evidence	restored_in_archive	docs/archive/initial_commit/Semantic-Communication/session_bootstrap/reports/quick_rpc_armv8_lenovo_round1_20260301_223130.md
Semantic-Communication/session_bootstrap/reports/quick_rpc_armv8_phytium_realcmd_20260301_210415.md	1961	historical_evidence	restored_in_archive	docs/archive/initial_commit/Semantic-Communication/session_bootstrap/reports/quick_rpc_armv8_phytium_realcmd_20260301_210415.md
Semantic-Communication/session_bootstrap/reports/quick_rpc_armv8_phytium_realcmd_round1.md	1927	historical_evidence	restored_in_archive	docs/archive/initial_commit/Semantic-Communication/session_bootstrap/reports/quick_rpc_armv8_phytium_realcmd_round1.md
Semantic-Communication/session_bootstrap/reports/quick_rpc_armv8_phytium_round1.md	1707	historical_evidence	restored_in_archive	docs/archive/initial_commit/Semantic-Communication/session_bootstrap/reports/quick_rpc_armv8_phytium_round1.md
Semantic-Communication/session_bootstrap/reports/quick_rpc_armv8_snapdragon_local_round1_20260302_015535.md	1469	historical_evidence	restored_in_archive	docs/archive/initial_commit/Semantic-Communication/session_bootstrap/reports/quick_rpc_armv8_snapdragon_local_round1_20260302_015535.md
Semantic-Communication/session_bootstrap/reports/quick_rpc_armv8_snapdragon_local_round1_20260302_015641.md	1501	historical_evidence	restored_in_archive	docs/archive/initial_commit/Semantic-Communication/session_bootstrap/reports/quick_rpc_armv8_snapdragon_local_round1_20260302_015641.md
Semantic-Communication/session_bootstrap/reports/quick_rpc_armv8_snapdragon_local_round1_20260302_091050.md	1490	historical_evidence	restored_in_archive	docs/archive/initial_commit/Semantic-Communication/session_bootstrap/reports/quick_rpc_armv8_snapdragon_local_round1_20260302_091050.md
Semantic-Communication/session_bootstrap/reports/quick_rpc_armv8_snapdragon_local_round1_20260302_092125.md	1491	historical_evidence	restored_in_archive	docs/archive/initial_commit/Semantic-Communication/session_bootstrap/reports/quick_rpc_armv8_snapdragon_local_round1_20260302_092125.md
Semantic-Communication/session_bootstrap/reports/quick_rpc_armv8_snapdragon_local_round1_20260302_093228.md	1491	historical_evidence	restored_in_archive	docs/archive/initial_commit/Semantic-Communication/session_bootstrap/reports/quick_rpc_armv8_snapdragon_local_round1_20260302_093228.md
Semantic-Communication/session_bootstrap/reports/quick_rpc_armv8_snapdragon_local_round1_20260302_095251.md	1491	historical_evidence	restored_in_archive	docs/archive/initial_commit/Semantic-Communication/session_bootstrap/reports/quick_rpc_armv8_snapdragon_local_round1_20260302_095251.md
Semantic-Communication/session_bootstrap/reports/quick_rpc_smoke_first_round.md	1376	historical_evidence	restored_in_archive	docs/archive/initial_commit/Semantic-Communication/session_bootstrap/reports/quick_rpc_smoke_first_round.md
Semantic-Communication/session_bootstrap/reports/quick_rpc_smoke_first_round_20260301_213157.md	1431	historical_evidence	restored_in_archive	docs/archive/initial_commit/Semantic-Communication/session_bootstrap/reports/quick_rpc_smoke_first_round_20260301_213157.md
Semantic-Communication/session_bootstrap/reports/quick_rpc_smoke_first_round_20260301_214439.md	1429	historical_evidence	restored_in_archive	docs/archive/initial_commit/Semantic-Communication/session_bootstrap/reports/quick_rpc_smoke_first_round_20260301_214439.md
Semantic-Communication/session_bootstrap/reports/quick_rpc_smoke_first_round_20260301_215701.md	1457	historical_evidence	restored_in_archive	docs/archive/initial_commit/Semantic-Communication/session_bootstrap/reports/quick_rpc_smoke_first_round_20260301_215701.md
Semantic-Communication/session_bootstrap/reports/quick_rpc_smoke_first_round_20260301_215718.md	1458	historical_evidence	restored_in_archive	docs/archive/initial_commit/Semantic-Communication/session_bootstrap/reports/quick_rpc_smoke_first_round_20260301_215718.md
Semantic-Communication/session_bootstrap/reports/quick_rpc_smoke_first_round_20260301_215734.md	1458	historical_evidence	restored_in_archive	docs/archive/initial_commit/Semantic-Communication/session_bootstrap/reports/quick_rpc_smoke_first_round_20260301_215734.md
Semantic-Communication/session_bootstrap/reports/quick_rpc_smoke_first_round_20260301_220235.md	1458	historical_evidence	restored_in_archive	docs/archive/initial_commit/Semantic-Communication/session_bootstrap/reports/quick_rpc_smoke_first_round_20260301_220235.md
Semantic-Communication/session_bootstrap/reports/quick_rpc_smoke_first_round_20260301_220312.md	1458	historical_evidence	restored_in_archive	docs/archive/initial_commit/Semantic-Communication/session_bootstrap/reports/quick_rpc_smoke_first_round_20260301_220312.md
Semantic-Communication/session_bootstrap/reports/quick_rpc_smoke_first_round_20260301_222048.md	1456	historical_evidence	restored_in_archive	docs/archive/initial_commit/Semantic-Communication/session_bootstrap/reports/quick_rpc_smoke_first_round_20260301_222048.md
Semantic-Communication/session_bootstrap/reports/quick_rpc_smoke_first_round_20260301_222053.md	1456	historical_evidence	restored_in_archive	docs/archive/initial_commit/Semantic-Communication/session_bootstrap/reports/quick_rpc_smoke_first_round_20260301_222053.md
Semantic-Communication/session_bootstrap/reports/quick_rpc_smoke_first_round_20260302_001226.md	1459	historical_evidence	restored_in_archive	docs/archive/initial_commit/Semantic-Communication/session_bootstrap/reports/quick_rpc_smoke_first_round_20260302_001226.md
Semantic-Communication/session_bootstrap/reports/quick_rpc_smoke_first_round_20260302_001523.md	1459	historical_evidence	restored_in_archive	docs/archive/initial_commit/Semantic-Communication/session_bootstrap/reports/quick_rpc_smoke_first_round_20260302_001523.md
Semantic-Communication/session_bootstrap/reports/quick_rpc_smoke_first_round_20260302_001644.md	1459	historical_evidence	restored_in_archive	docs/archive/initial_commit/Semantic-Communication/session_bootstrap/reports/quick_rpc_smoke_first_round_20260302_001644.md
Semantic-Communication/session_bootstrap/reports/quick_rpc_tune_20260306_190304.md	1323	historical_evidence	restored_in_archive	docs/archive/initial_commit/Semantic-Communication/session_bootstrap/reports/quick_rpc_tune_20260306_190304.md
Semantic-Communication/session_bootstrap/reports/quick_rpc_tune_20260306_195803.md	1426	historical_evidence	restored_in_archive	docs/archive/initial_commit/Semantic-Communication/session_bootstrap/reports/quick_rpc_tune_20260306_195803.md
Semantic-Communication/session_bootstrap/reports/quick_rpc_tune_20260308_024940.md	1390	historical_evidence	restored_in_archive	docs/archive/initial_commit/Semantic-Communication/session_bootstrap/reports/quick_rpc_tune_20260308_024940.md
Semantic-Communication/session_bootstrap/reports/quick_rpc_tune_20260308_031126.md	1387	historical_evidence	restored_in_archive	docs/archive/initial_commit/Semantic-Communication/session_bootstrap/reports/quick_rpc_tune_20260308_031126.md
Semantic-Communication/session_bootstrap/reports/quick_rpc_tune_20260309_030632.md	1438	historical_evidence	restored_in_archive	docs/archive/initial_commit/Semantic-Communication/session_bootstrap/reports/quick_rpc_tune_20260309_030632.md
Semantic-Communication/session_bootstrap/reports/quick_rpc_tune_20260309_140430.md	1485	historical_evidence	restored_in_archive	docs/archive/initial_commit/Semantic-Communication/session_bootstrap/reports/quick_rpc_tune_20260309_140430.md
Semantic-Communication/session_bootstrap/reports/quick_rpc_tune_20260309_142512.md	1488	historical_evidence	restored_in_archive	docs/archive/initial_commit/Semantic-Communication/session_bootstrap/reports/quick_rpc_tune_20260309_142512.md
Semantic-Communication/session_bootstrap/reports/quick_rpc_tune_recheck_20260308_151301.md	1424	historical_evidence	restored_in_archive	docs/archive/initial_commit/Semantic-Communication/session_bootstrap/reports/quick_rpc_tune_recheck_20260308_151301.md
Semantic-Communication/session_bootstrap/reports/quick_rpc_tune_recheck_20260308_162420.md	1423	historical_evidence	restored_in_archive	docs/archive/initial_commit/Semantic-Communication/session_bootstrap/reports/quick_rpc_tune_recheck_20260308_162420.md
Semantic-Communication/session_bootstrap/reports/quick_rpc_tune_recheck_20260308_173600.md	1446	historical_evidence	restored_in_archive	docs/archive/initial_commit/Semantic-Communication/session_bootstrap/reports/quick_rpc_tune_recheck_20260308_173600.md
Semantic-Communication/session_bootstrap/reports/quick_rpc_tune_safe_recheck_20260308_165534.md	1467	historical_evidence	restored_in_archive	docs/archive/initial_commit/Semantic-Communication/session_bootstrap/reports/quick_rpc_tune_safe_recheck_20260308_165534.md
Semantic-Communication/session_bootstrap/reports/quick_safe_smoke_20260308_1654.md	1313	historical_evidence	restored_in_archive	docs/archive/initial_commit/Semantic-Communication/session_bootstrap/reports/quick_safe_smoke_20260308_1654.md
Semantic-Communication/session_bootstrap/reports/quick_smoke.md	986	historical_evidence	restored_in_archive	docs/archive/initial_commit/Semantic-Communication/session_bootstrap/reports/quick_smoke.md
Semantic-Communication/session_bootstrap/reports/readiness_rpc_2026-03-01.md	2540	historical_evidence	restored_in_archive	docs/archive/initial_commit/Semantic-Communication/session_bootstrap/reports/readiness_rpc_2026-03-01.md
Semantic-Communication/session_bootstrap/reports/readiness_rpc_2026-03-02.md	2672	historical_evidence	restored_in_archive	docs/archive/initial_commit/Semantic-Communication/session_bootstrap/reports/readiness_rpc_2026-03-02.md
Semantic-Communication/session_bootstrap/reports/readiness_rpc_2026-03-06.md	3385	historical_evidence	restored_in_archive	docs/archive/initial_commit/Semantic-Communication/session_bootstrap/reports/readiness_rpc_2026-03-06.md
Semantic-Communication/session_bootstrap/reports/readiness_rpc_2026-03-08.md	3482	historical_evidence	restored_in_archive	docs/archive/initial_commit/Semantic-Communication/session_bootstrap/reports/readiness_rpc_2026-03-08.md
Semantic-Communication/session_bootstrap/reports/readiness_rpc_2026-03-09.md	3793	historical_evidence	restored_in_archive	docs/archive/initial_commit/Semantic-Communication/session_bootstrap/reports/readiness_rpc_2026-03-09.md
Semantic-Communication/session_bootstrap/reports/readiness_rpc_2026-03-10.md	3529	historical_evidence	restored_in_archive	docs/archive/initial_commit/Semantic-Communication/session_bootstrap/reports/readiness_rpc_2026-03-10.md
Semantic-Communication/session_bootstrap/reports/readiness_rpc_2026-03-11.md	3529	historical_evidence	restored_in_archive	docs/archive/initial_commit/Semantic-Communication/session_bootstrap/reports/readiness_rpc_2026-03-11.md
Semantic-Communication/session_bootstrap/reports/readiness_rpc_2026-03-12.md	3758	historical_evidence	restored_in_archive	docs/archive/initial_commit/Semantic-Communication/session_bootstrap/reports/readiness_rpc_2026-03-12.md
Semantic-Communication/session_bootstrap/reports/readiness_rpc_2026-03-13.md	3507	historical_evidence	restored_in_archive	docs/archive/initial_commit/Semantic-Communication/session_bootstrap/reports/readiness_rpc_2026-03-13.md
Semantic-Communication/session_bootstrap/reports/readiness_rpc_2026-03-30.md	3432	historical_evidence	restored_in_archive	docs/archive/initial_commit/Semantic-Communication/session_bootstrap/reports/readiness_rpc_2026-03-30.md
Semantic-Communication/session_bootstrap/reports/readiness_rpc_2026-03-31.md	3502	historical_evidence	restored_in_archive	docs/archive/initial_commit/Semantic-Communication/session_bootstrap/reports/readiness_rpc_2026-03-31.md
Semantic-Communication/session_bootstrap/reports/readiness_rpc_armv8_example_2026-03-01.md	2154	historical_evidence	restored_in_archive	docs/archive/initial_commit/Semantic-Communication/session_bootstrap/reports/readiness_rpc_armv8_example_2026-03-01.md
Semantic-Communication/session_bootstrap/reports/readiness_rpc_armv8_lenovo_2026-03-01.md	2443	historical_evidence	restored_in_archive	docs/archive/initial_commit/Semantic-Communication/session_bootstrap/reports/readiness_rpc_armv8_lenovo_2026-03-01.md
Semantic-Communication/session_bootstrap/reports/readiness_rpc_armv8_lenovo_realprep_2026-03-01.md	2787	historical_evidence	restored_in_archive	docs/archive/initial_commit/Semantic-Communication/session_bootstrap/reports/readiness_rpc_armv8_lenovo_realprep_2026-03-01.md
Semantic-Communication/session_bootstrap/reports/readiness_rpc_armv8_phytium_2026-03-01.md	2989	historical_evidence	restored_in_archive	docs/archive/initial_commit/Semantic-Communication/session_bootstrap/reports/readiness_rpc_armv8_phytium_2026-03-01.md
Semantic-Communication/session_bootstrap/reports/readiness_rpc_armv8_phytium_realcmd_2026-03-01.md	3443	historical_evidence	restored_in_archive	docs/archive/initial_commit/Semantic-Communication/session_bootstrap/reports/readiness_rpc_armv8_phytium_realcmd_2026-03-01.md
Semantic-Communication/session_bootstrap/reports/readiness_rpc_armv8_phytium_realcmd_round2_2026-03-01.md	3452	historical_evidence	restored_in_archive	docs/archive/initial_commit/Semantic-Communication/session_bootstrap/reports/readiness_rpc_armv8_phytium_realcmd_round2_2026-03-01.md
Semantic-Communication/session_bootstrap/reports/readiness_rpc_armv8_smoke_2026-03-01.md	2397	historical_evidence	restored_in_archive	docs/archive/initial_commit/Semantic-Communication/session_bootstrap/reports/readiness_rpc_armv8_smoke_2026-03-01.md
Semantic-Communication/session_bootstrap/reports/readiness_rpc_lenovo_remote_2026-03-02.md	2557	historical_evidence	restored_in_archive	docs/archive/initial_commit/Semantic-Communication/session_bootstrap/reports/readiness_rpc_lenovo_remote_2026-03-02.md
Semantic-Communication/session_bootstrap/reports/readiness_rpc_snapdragon_local_2026-03-02.md	2775	historical_evidence	restored_in_archive	docs/archive/initial_commit/Semantic-Communication/session_bootstrap/reports/readiness_rpc_snapdragon_local_2026-03-02.md
Semantic-Communication/session_bootstrap/reports/readiness_rpc_snapdragon_local_2026-03-02_post_tvm_install.md	2807	historical_evidence	restored_in_archive	docs/archive/initial_commit/Semantic-Communication/session_bootstrap/reports/readiness_rpc_snapdragon_local_2026-03-02_post_tvm_install.md
Semantic-Communication/session_bootstrap/reports/readiness_rpc_snapdragon_local_20260302_014026_post_tvm_install.md	2807	historical_evidence	restored_in_archive	docs/archive/initial_commit/Semantic-Communication/session_bootstrap/reports/readiness_rpc_snapdragon_local_20260302_014026_post_tvm_install.md
Semantic-Communication/session_bootstrap/reports/readiness_rpc_snapdragon_local_20260302_015515_after_artifacts.md	2652	historical_evidence	restored_in_archive	docs/archive/initial_commit/Semantic-Communication/session_bootstrap/reports/readiness_rpc_snapdragon_local_20260302_015515_after_artifacts.md
Semantic-Communication/session_bootstrap/reports/readiness_rpc_snapdragon_local_post_tvm_install.md	2807	historical_evidence	restored_in_archive	docs/archive/initial_commit/Semantic-Communication/session_bootstrap/reports/readiness_rpc_snapdragon_local_post_tvm_install.md
Semantic-Communication/session_bootstrap/reports/resource_profile_big_little_current_20260318_052922.md	3061	historical_evidence	restored_in_archive	docs/archive/initial_commit/Semantic-Communication/session_bootstrap/reports/resource_profile_big_little_current_20260318_052922.md
Semantic-Communication/session_bootstrap/reports/resource_profile_big_little_current_20260318_052922/free_post_h.txt	275	historical_evidence	restored_in_archive	docs/archive/initial_commit/Semantic-Communication/session_bootstrap/reports/resource_profile_big_little_current_20260318_052922/free_post_h.txt
Semantic-Communication/session_bootstrap/reports/resource_profile_big_little_current_20260318_052922/free_post_m.txt	275	historical_evidence	restored_in_archive	docs/archive/initial_commit/Semantic-Communication/session_bootstrap/reports/resource_profile_big_little_current_20260318_052922/free_post_m.txt
Semantic-Communication/session_bootstrap/reports/resource_profile_big_little_current_20260318_052922/free_pre_h.txt	275	historical_evidence	restored_in_archive	docs/archive/initial_commit/Semantic-Communication/session_bootstrap/reports/resource_profile_big_little_current_20260318_052922/free_pre_h.txt
Semantic-Communication/session_bootstrap/reports/resource_profile_big_little_current_20260318_052922/free_pre_m.txt	275	historical_evidence	restored_in_archive	docs/archive/initial_commit/Semantic-Communication/session_bootstrap/reports/resource_profile_big_little_current_20260318_052922/free_pre_m.txt
Semantic-Communication/session_bootstrap/reports/resource_profile_big_little_current_20260318_052922/tool_probe.txt	275	historical_evidence	restored_in_archive	docs/archive/initial_commit/Semantic-Communication/session_bootstrap/reports/resource_profile_big_little_current_20260318_052922/tool_probe.txt
Semantic-Communication/session_bootstrap/reports/resource_profile_big_little_current_20260318_052922/top_post.txt	19289	historical_evidence	restored_in_archive	docs/archive/initial_commit/Semantic-Communication/session_bootstrap/reports/resource_profile_big_little_current_20260318_052922/top_post.txt
Semantic-Communication/session_bootstrap/reports/resource_profile_big_little_current_20260318_052922/top_pre.txt	18952	historical_evidence	restored_in_archive	docs/archive/initial_commit/Semantic-Communication/session_bootstrap/reports/resource_profile_big_little_current_20260318_052922/top_pre.txt
Semantic-Communication/session_bootstrap/reports/resource_profile_mock_smoke_20260312_001.md	2952	historical_evidence	restored_in_archive	docs/archive/initial_commit/Semantic-Communication/session_bootstrap/reports/resource_profile_mock_smoke_20260312_001.md
Semantic-Communication/session_bootstrap/reports/resource_profile_mock_smoke_20260312_001/free_post_h.txt	261	historical_evidence	restored_in_archive	docs/archive/initial_commit/Semantic-Communication/session_bootstrap/reports/resource_profile_mock_smoke_20260312_001/free_post_h.txt
Semantic-Communication/session_bootstrap/reports/resource_profile_mock_smoke_20260312_001/free_post_m.txt	261	historical_evidence	restored_in_archive	docs/archive/initial_commit/Semantic-Communication/session_bootstrap/reports/resource_profile_mock_smoke_20260312_001/free_post_m.txt
Semantic-Communication/session_bootstrap/reports/resource_profile_mock_smoke_20260312_001/free_pre_h.txt	261	historical_evidence	restored_in_archive	docs/archive/initial_commit/Semantic-Communication/session_bootstrap/reports/resource_profile_mock_smoke_20260312_001/free_pre_h.txt
Semantic-Communication/session_bootstrap/reports/resource_profile_mock_smoke_20260312_001/free_pre_m.txt	261	historical_evidence	restored_in_archive	docs/archive/initial_commit/Semantic-Communication/session_bootstrap/reports/resource_profile_mock_smoke_20260312_001/free_pre_m.txt
Semantic-Communication/session_bootstrap/reports/resource_profile_mock_smoke_20260312_001/tool_probe.txt	258	historical_evidence	restored_in_archive	docs/archive/initial_commit/Semantic-Communication/session_bootstrap/reports/resource_profile_mock_smoke_20260312_001/tool_probe.txt
Semantic-Communication/session_bootstrap/reports/resource_profile_mock_smoke_20260312_001/top_post.txt	5378	historical_evidence	restored_in_archive	docs/archive/initial_commit/Semantic-Communication/session_bootstrap/reports/resource_profile_mock_smoke_20260312_001/top_post.txt
Semantic-Communication/session_bootstrap/reports/resource_profile_mock_smoke_20260312_001/top_pre.txt	5300	historical_evidence	restored_in_archive	docs/archive/initial_commit/Semantic-Communication/session_bootstrap/reports/resource_profile_mock_smoke_20260312_001/top_pre.txt
Semantic-Communication/session_bootstrap/reports/resource_profile_mock_smoke_20260312_002.md	3121	historical_evidence	restored_in_archive	docs/archive/initial_commit/Semantic-Communication/session_bootstrap/reports/resource_profile_mock_smoke_20260312_002.md
Semantic-Communication/session_bootstrap/reports/resource_profile_mock_smoke_20260312_002/free_post_h.txt	261	historical_evidence	restored_in_archive	docs/archive/initial_commit/Semantic-Communication/session_bootstrap/reports/resource_profile_mock_smoke_20260312_002/free_post_h.txt
Semantic-Communication/session_bootstrap/reports/resource_profile_mock_smoke_20260312_002/free_post_m.txt	261	historical_evidence	restored_in_archive	docs/archive/initial_commit/Semantic-Communication/session_bootstrap/reports/resource_profile_mock_smoke_20260312_002/free_post_m.txt
Semantic-Communication/session_bootstrap/reports/resource_profile_mock_smoke_20260312_002/free_pre_h.txt	261	historical_evidence	restored_in_archive	docs/archive/initial_commit/Semantic-Communication/session_bootstrap/reports/resource_profile_mock_smoke_20260312_002/free_pre_h.txt
Semantic-Communication/session_bootstrap/reports/resource_profile_mock_smoke_20260312_002/free_pre_m.txt	261	historical_evidence	restored_in_archive	docs/archive/initial_commit/Semantic-Communication/session_bootstrap/reports/resource_profile_mock_smoke_20260312_002/free_pre_m.txt
Semantic-Communication/session_bootstrap/reports/resource_profile_mock_smoke_20260312_002/tool_probe.txt	258	historical_evidence	restored_in_archive	docs/archive/initial_commit/Semantic-Communication/session_bootstrap/reports/resource_profile_mock_smoke_20260312_002/tool_probe.txt
Semantic-Communication/session_bootstrap/reports/resource_profile_mock_smoke_20260312_002/top_post.txt	6220	historical_evidence	restored_in_archive	docs/archive/initial_commit/Semantic-Communication/session_bootstrap/reports/resource_profile_mock_smoke_20260312_002/top_post.txt
Semantic-Communication/session_bootstrap/reports/resource_profile_mock_smoke_20260312_002/top_pre.txt	6142	historical_evidence	restored_in_archive	docs/archive/initial_commit/Semantic-Communication/session_bootstrap/reports/resource_profile_mock_smoke_20260312_002/top_pre.txt
Semantic-Communication/session_bootstrap/reports/resource_profile_smoke_20260312_001/tool_probe.txt	84	historical_evidence	restored_in_archive	docs/archive/initial_commit/Semantic-Communication/session_bootstrap/reports/resource_profile_smoke_20260312_001/tool_probe.txt
Semantic-Communication/session_bootstrap/reports/resource_profile_smoke_20260312_002.md	2924	historical_evidence	restored_in_archive	docs/archive/initial_commit/Semantic-Communication/session_bootstrap/reports/resource_profile_smoke_20260312_002.md
Semantic-Communication/session_bootstrap/reports/resource_profile_smoke_20260312_002/free_post_h.txt	2123	historical_evidence	restored_in_archive	docs/archive/initial_commit/Semantic-Communication/session_bootstrap/reports/resource_profile_smoke_20260312_002/free_post_h.txt
Semantic-Communication/session_bootstrap/reports/resource_profile_smoke_20260312_002/free_post_m.txt	2123	historical_evidence	restored_in_archive	docs/archive/initial_commit/Semantic-Communication/session_bootstrap/reports/resource_profile_smoke_20260312_002/free_post_m.txt
Semantic-Communication/session_bootstrap/reports/resource_profile_smoke_20260312_002/free_pre_h.txt	2122	historical_evidence	restored_in_archive	docs/archive/initial_commit/Semantic-Communication/session_bootstrap/reports/resource_profile_smoke_20260312_002/free_pre_h.txt
Semantic-Communication/session_bootstrap/reports/resource_profile_smoke_20260312_002/free_pre_m.txt	2122	historical_evidence	restored_in_archive	docs/archive/initial_commit/Semantic-Communication/session_bootstrap/reports/resource_profile_smoke_20260312_002/free_pre_m.txt
Semantic-Communication/session_bootstrap/reports/resource_profile_smoke_20260312_002/tool_probe.txt	2103	historical_evidence	restored_in_archive	docs/archive/initial_commit/Semantic-Communication/session_bootstrap/reports/resource_profile_smoke_20260312_002/tool_probe.txt
Semantic-Communication/session_bootstrap/reports/resource_profile_smoke_20260312_002/top_post.txt	21495	historical_evidence	restored_in_archive	docs/archive/initial_commit/Semantic-Communication/session_bootstrap/reports/resource_profile_smoke_20260312_002/top_post.txt
Semantic-Communication/session_bootstrap/reports/resource_profile_smoke_20260312_002/top_pre.txt	21076	historical_evidence	restored_in_archive	docs/archive/initial_commit/Semantic-Communication/session_bootstrap/reports/resource_profile_smoke_20260312_002/top_pre.txt
Semantic-Communication/session_bootstrap/reports/resource_profile_trusted_current_20260312_001.md	3146	historical_evidence	restored_in_archive	docs/archive/initial_commit/Semantic-Communication/session_bootstrap/reports/resource_profile_trusted_current_20260312_001.md
Semantic-Communication/session_bootstrap/reports/resource_profile_trusted_current_20260312_001/free_post_h.txt	2123	historical_evidence	restored_in_archive	docs/archive/initial_commit/Semantic-Communication/session_bootstrap/reports/resource_profile_trusted_current_20260312_001/free_post_h.txt
Semantic-Communication/session_bootstrap/reports/resource_profile_trusted_current_20260312_001/free_post_m.txt	2123	historical_evidence	restored_in_archive	docs/archive/initial_commit/Semantic-Communication/session_bootstrap/reports/resource_profile_trusted_current_20260312_001/free_post_m.txt
Semantic-Communication/session_bootstrap/reports/resource_profile_trusted_current_20260312_001/free_pre_h.txt	2123	historical_evidence	restored_in_archive	docs/archive/initial_commit/Semantic-Communication/session_bootstrap/reports/resource_profile_trusted_current_20260312_001/free_pre_h.txt
Semantic-Communication/session_bootstrap/reports/resource_profile_trusted_current_20260312_001/free_pre_m.txt	2123	historical_evidence	restored_in_archive	docs/archive/initial_commit/Semantic-Communication/session_bootstrap/reports/resource_profile_trusted_current_20260312_001/free_pre_m.txt
Semantic-Communication/session_bootstrap/reports/resource_profile_trusted_current_20260312_001/tool_probe.txt	2104	historical_evidence	restored_in_archive	docs/archive/initial_commit/Semantic-Communication/session_bootstrap/reports/resource_profile_trusted_current_20260312_001/tool_probe.txt
Semantic-Communication/session_bootstrap/reports/resource_profile_trusted_current_20260312_001/top_post.txt	22205	historical_evidence	restored_in_archive	docs/archive/initial_commit/Semantic-Communication/session_bootstrap/reports/resource_profile_trusted_current_20260312_001/top_post.txt
Semantic-Communication/session_bootstrap/reports/resource_profile_trusted_current_20260312_001/top_pre.txt	21394	historical_evidence	restored_in_archive	docs/archive/initial_commit/Semantic-Communication/session_bootstrap/reports/resource_profile_trusted_current_20260312_001/top_pre.txt
Semantic-Communication/session_bootstrap/reports/resource_profile_trusted_current_chunk4_20260330_151427.md	3096	historical_evidence	restored_in_archive	docs/archive/initial_commit/Semantic-Communication/session_bootstrap/reports/resource_profile_trusted_current_chunk4_20260330_151427.md
Semantic-Communication/session_bootstrap/reports/resource_profile_trusted_current_chunk4_20260330_151427/free_post_h.txt	275	historical_evidence	restored_in_archive	docs/archive/initial_commit/Semantic-Communication/session_bootstrap/reports/resource_profile_trusted_current_chunk4_20260330_151427/free_post_h.txt
Semantic-Communication/session_bootstrap/reports/resource_profile_trusted_current_chunk4_20260330_151427/free_post_m.txt	275	historical_evidence	restored_in_archive	docs/archive/initial_commit/Semantic-Communication/session_bootstrap/reports/resource_profile_trusted_current_chunk4_20260330_151427/free_post_m.txt
Semantic-Communication/session_bootstrap/reports/resource_profile_trusted_current_chunk4_20260330_151427/free_pre_h.txt	275	historical_evidence	restored_in_archive	docs/archive/initial_commit/Semantic-Communication/session_bootstrap/reports/resource_profile_trusted_current_chunk4_20260330_151427/free_pre_h.txt
Semantic-Communication/session_bootstrap/reports/resource_profile_trusted_current_chunk4_20260330_151427/free_pre_m.txt	275	historical_evidence	restored_in_archive	docs/archive/initial_commit/Semantic-Communication/session_bootstrap/reports/resource_profile_trusted_current_chunk4_20260330_151427/free_pre_m.txt
Semantic-Communication/session_bootstrap/reports/resource_profile_trusted_current_chunk4_20260330_151427/tool_probe.txt	356	historical_evidence	restored_in_archive	docs/archive/initial_commit/Semantic-Communication/session_bootstrap/reports/resource_profile_trusted_current_chunk4_20260330_151427/tool_probe.txt
Semantic-Communication/session_bootstrap/reports/resource_profile_trusted_current_chunk4_20260330_151427/top_post.txt	19289	historical_evidence	restored_in_archive	docs/archive/initial_commit/Semantic-Communication/session_bootstrap/reports/resource_profile_trusted_current_chunk4_20260330_151427/top_post.txt
Semantic-Communication/session_bootstrap/reports/resource_profile_trusted_current_chunk4_20260330_151427/top_pre.txt	19044	historical_evidence	restored_in_archive	docs/archive/initial_commit/Semantic-Communication/session_bootstrap/reports/resource_profile_trusted_current_chunk4_20260330_151427/top_pre.txt
Semantic-Communication/session_bootstrap/reports/resource_profile_trusted_current_chunk4_20260330_151728.md	3246	historical_evidence	restored_in_archive	docs/archive/initial_commit/Semantic-Communication/session_bootstrap/reports/resource_profile_trusted_current_chunk4_20260330_151728.md
Semantic-Communication/session_bootstrap/reports/resource_profile_trusted_current_chunk4_20260330_151728/free_post_h.txt	275	historical_evidence	restored_in_archive	docs/archive/initial_commit/Semantic-Communication/session_bootstrap/reports/resource_profile_trusted_current_chunk4_20260330_151728/free_post_h.txt
Semantic-Communication/session_bootstrap/reports/resource_profile_trusted_current_chunk4_20260330_151728/free_post_m.txt	275	historical_evidence	restored_in_archive	docs/archive/initial_commit/Semantic-Communication/session_bootstrap/reports/resource_profile_trusted_current_chunk4_20260330_151728/free_post_m.txt
Semantic-Communication/session_bootstrap/reports/resource_profile_trusted_current_chunk4_20260330_151728/free_pre_h.txt	275	historical_evidence	restored_in_archive	docs/archive/initial_commit/Semantic-Communication/session_bootstrap/reports/resource_profile_trusted_current_chunk4_20260330_151728/free_pre_h.txt
Semantic-Communication/session_bootstrap/reports/resource_profile_trusted_current_chunk4_20260330_151728/free_pre_m.txt	275	historical_evidence	restored_in_archive	docs/archive/initial_commit/Semantic-Communication/session_bootstrap/reports/resource_profile_trusted_current_chunk4_20260330_151728/free_pre_m.txt
Semantic-Communication/session_bootstrap/reports/resource_profile_trusted_current_chunk4_20260330_151728/tool_probe.txt	275	historical_evidence	restored_in_archive	docs/archive/initial_commit/Semantic-Communication/session_bootstrap/reports/resource_profile_trusted_current_chunk4_20260330_151728/tool_probe.txt
Semantic-Communication/session_bootstrap/reports/resource_profile_trusted_current_chunk4_20260330_151728/top_post.txt	19547	historical_evidence	restored_in_archive	docs/archive/initial_commit/Semantic-Communication/session_bootstrap/reports/resource_profile_trusted_current_chunk4_20260330_151728/top_post.txt
Semantic-Communication/session_bootstrap/reports/resource_profile_trusted_current_chunk4_20260330_151728/top_pre.txt	19396	historical_evidence	restored_in_archive	docs/archive/initial_commit/Semantic-Communication/session_bootstrap/reports/resource_profile_trusted_current_chunk4_20260330_151728/top_pre.txt
Semantic-Communication/session_bootstrap/reports/rpc_audit_and_first_round_2026-03-01.md	2784	historical_evidence	restored_in_archive	docs/archive/initial_commit/Semantic-Communication/session_bootstrap/reports/rpc_audit_and_first_round_2026-03-01.md
Semantic-Communication/session_bootstrap/reports/rpc_commands_20260301_131724.md	1658	historical_evidence	restored_in_archive	docs/archive/initial_commit/Semantic-Communication/session_bootstrap/reports/rpc_commands_20260301_131724.md
Semantic-Communication/session_bootstrap/reports/rpc_commands_20260301_131806.md	2018	historical_evidence	restored_in_archive	docs/archive/initial_commit/Semantic-Communication/session_bootstrap/reports/rpc_commands_20260301_131806.md
Semantic-Communication/session_bootstrap/reports/rpc_commands_20260301_144453.md	2030	historical_evidence	restored_in_archive	docs/archive/initial_commit/Semantic-Communication/session_bootstrap/reports/rpc_commands_20260301_144453.md
Semantic-Communication/session_bootstrap/reports/rpc_commands_20260301_144456.md	2030	historical_evidence	restored_in_archive	docs/archive/initial_commit/Semantic-Communication/session_bootstrap/reports/rpc_commands_20260301_144456.md
Semantic-Communication/session_bootstrap/reports/rpc_commands_20260301_160911.md	2569	historical_evidence	restored_in_archive	docs/archive/initial_commit/Semantic-Communication/session_bootstrap/reports/rpc_commands_20260301_160911.md
Semantic-Communication/session_bootstrap/reports/rpc_commands_20260301_163330.md	2569	historical_evidence	restored_in_archive	docs/archive/initial_commit/Semantic-Communication/session_bootstrap/reports/rpc_commands_20260301_163330.md
Semantic-Communication/session_bootstrap/reports/rpc_commands_20260301_164920.md	2569	historical_evidence	restored_in_archive	docs/archive/initial_commit/Semantic-Communication/session_bootstrap/reports/rpc_commands_20260301_164920.md
Semantic-Communication/session_bootstrap/reports/rpc_commands_20260301_165035.md	2569	historical_evidence	restored_in_archive	docs/archive/initial_commit/Semantic-Communication/session_bootstrap/reports/rpc_commands_20260301_165035.md
Semantic-Communication/session_bootstrap/reports/rpc_commands_20260301_170110.md	1780	historical_evidence	restored_in_archive	docs/archive/initial_commit/Semantic-Communication/session_bootstrap/reports/rpc_commands_20260301_170110.md
Semantic-Communication/session_bootstrap/reports/rpc_commands_20260301_170138.md	1780	historical_evidence	restored_in_archive	docs/archive/initial_commit/Semantic-Communication/session_bootstrap/reports/rpc_commands_20260301_170138.md
Semantic-Communication/session_bootstrap/reports/rpc_commands_armv8_example_2026-03-01.md	1663	historical_evidence	restored_in_archive	docs/archive/initial_commit/Semantic-Communication/session_bootstrap/reports/rpc_commands_armv8_example_2026-03-01.md
Semantic-Communication/session_bootstrap/reports/rpc_commands_armv8_lenovo_2026-03-01.md	2018	historical_evidence	restored_in_archive	docs/archive/initial_commit/Semantic-Communication/session_bootstrap/reports/rpc_commands_armv8_lenovo_2026-03-01.md
Semantic-Communication/session_bootstrap/reports/rpc_commands_armv8_phytium_2026-03-01.md	2573	historical_evidence	restored_in_archive	docs/archive/initial_commit/Semantic-Communication/session_bootstrap/reports/rpc_commands_armv8_phytium_2026-03-01.md
Semantic-Communication/session_bootstrap/reports/rpc_first_round_lenovo_status_2026-03-01.md	3355	historical_evidence	restored_in_archive	docs/archive/initial_commit/Semantic-Communication/session_bootstrap/reports/rpc_first_round_lenovo_status_2026-03-01.md
Semantic-Communication/session_bootstrap/reports/rpc_tune_summary_20260306_190304.md	1535	historical_evidence	restored_in_archive	docs/archive/initial_commit/Semantic-Communication/session_bootstrap/reports/rpc_tune_summary_20260306_190304.md
Semantic-Communication/session_bootstrap/reports/rpc_tune_summary_20260306_195803.md	1602	historical_evidence	restored_in_archive	docs/archive/initial_commit/Semantic-Communication/session_bootstrap/reports/rpc_tune_summary_20260306_195803.md
Semantic-Communication/session_bootstrap/reports/rpc_tune_summary_20260308_024940.md	1577	historical_evidence	restored_in_archive	docs/archive/initial_commit/Semantic-Communication/session_bootstrap/reports/rpc_tune_summary_20260308_024940.md
Semantic-Communication/session_bootstrap/reports/rpc_tune_summary_20260308_031126.md	1575	historical_evidence	restored_in_archive	docs/archive/initial_commit/Semantic-Communication/session_bootstrap/reports/rpc_tune_summary_20260308_031126.md
Semantic-Communication/session_bootstrap/reports/rpc_tune_summary_20260309_030632.md	1692	historical_evidence	restored_in_archive	docs/archive/initial_commit/Semantic-Communication/session_bootstrap/reports/rpc_tune_summary_20260309_030632.md
Semantic-Communication/session_bootstrap/reports/rpc_tune_summary_20260309_140430.md	1733	historical_evidence	restored_in_archive	docs/archive/initial_commit/Semantic-Communication/session_bootstrap/reports/rpc_tune_summary_20260309_140430.md
Semantic-Communication/session_bootstrap/reports/rpc_tune_summary_20260309_142512.md	1754	historical_evidence	restored_in_archive	docs/archive/initial_commit/Semantic-Communication/session_bootstrap/reports/rpc_tune_summary_20260309_142512.md
Semantic-Communication/session_bootstrap/reports/runtime_joint_top5_targeted_staging_search_diagnosis_20260330.md	5076	historical_evidence	restored_in_archive	docs/archive/initial_commit/Semantic-Communication/session_bootstrap/reports/runtime_joint_top5_targeted_staging_search_diagnosis_20260330.md
Semantic-Communication/session_bootstrap/reports/runtime_joint_top6_refine_staging_diagnosis_20260331.md	4548	historical_evidence	restored_in_archive	docs/archive/initial_commit/Semantic-Communication/session_bootstrap/reports/runtime_joint_top6_refine_staging_diagnosis_20260331.md
Semantic-Communication/session_bootstrap/reports/runtime_joint_top6_targeted_staging_search_diagnosis_20260331.md	5858	historical_evidence	restored_in_archive	docs/archive/initial_commit/Semantic-Communication/session_bootstrap/reports/runtime_joint_top6_targeted_staging_search_diagnosis_20260331.md
Semantic-Communication/session_bootstrap/reports/runtime_shifted_top3_targeted_search_diagnosis_20260330.md	6045	historical_evidence	restored_in_archive	docs/archive/initial_commit/Semantic-Communication/session_bootstrap/reports/runtime_shifted_top3_targeted_search_diagnosis_20260330.md
Semantic-Communication/session_bootstrap/reports/runtime_top2_targeted_search_diagnosis_20260330.md	4775	historical_evidence	restored_in_archive	docs/archive/initial_commit/Semantic-Communication/session_bootstrap/reports/runtime_top2_targeted_search_diagnosis_20260330.md
Semantic-Communication/session_bootstrap/reports/snr_current_chunk4_snr10_20260330_152054_quality.md	2245	historical_evidence	restored_in_archive	docs/archive/initial_commit/Semantic-Communication/session_bootstrap/reports/snr_current_chunk4_snr10_20260330_152054_quality.md
Semantic-Communication/session_bootstrap/reports/snr_current_chunk4_snr13_20260330_152054_quality.md	2245	historical_evidence	restored_in_archive	docs/archive/initial_commit/Semantic-Communication/session_bootstrap/reports/snr_current_chunk4_snr13_20260330_152054_quality.md
Semantic-Communication/session_bootstrap/reports/snr_current_chunk4_snr1_20260330_152054_quality.md	2241	historical_evidence	restored_in_archive	docs/archive/initial_commit/Semantic-Communication/session_bootstrap/reports/snr_current_chunk4_snr1_20260330_152054_quality.md
Semantic-Communication/session_bootstrap/reports/snr_current_chunk4_snr4_20260330_152054_quality.md	2241	historical_evidence	restored_in_archive	docs/archive/initial_commit/Semantic-Communication/session_bootstrap/reports/snr_current_chunk4_snr4_20260330_152054_quality.md
Semantic-Communication/session_bootstrap/reports/snr_current_chunk4_snr7_20260330_152054_quality.md	2241	historical_evidence	restored_in_archive	docs/archive/initial_commit/Semantic-Communication/session_bootstrap/reports/snr_current_chunk4_snr7_20260330_152054_quality.md
Semantic-Communication/session_bootstrap/reports/snr_sweep_2026-03-01.md	1066	historical_evidence	restored_in_archive	docs/archive/initial_commit/Semantic-Communication/session_bootstrap/reports/snr_sweep_2026-03-01.md
Semantic-Communication/session_bootstrap/reports/snr_sweep_current_chunk4_20260330_152054.md	1340	historical_evidence	restored_in_archive	docs/archive/initial_commit/Semantic-Communication/session_bootstrap/reports/snr_sweep_current_chunk4_20260330_152054.md
Semantic-Communication/session_bootstrap/reports/stability_probe_20260311_010835/run_1_remote_state.txt	998	historical_evidence	restored_in_archive	docs/archive/initial_commit/Semantic-Communication/session_bootstrap/reports/stability_probe_20260311_010835/run_1_remote_state.txt
Semantic-Communication/session_bootstrap/reports/stability_probe_20260311_010835/run_2_remote_state.txt	998	historical_evidence	restored_in_archive	docs/archive/initial_commit/Semantic-Communication/session_bootstrap/reports/stability_probe_20260311_010835/run_2_remote_state.txt
Semantic-Communication/session_bootstrap/reports/stability_probe_20260311_010835/run_3_remote_state.txt	998	historical_evidence	restored_in_archive	docs/archive/initial_commit/Semantic-Communication/session_bootstrap/reports/stability_probe_20260311_010835/run_3_remote_state.txt
Semantic-Communication/session_bootstrap/reports/target_root_cause_analysis_package_20260309.md	3935	historical_evidence	restored_in_archive	docs/archive/initial_commit/Semantic-Communication/session_bootstrap/reports/target_root_cause_analysis_package_20260309.md
Semantic-Communication/session_bootstrap/reports/transpose1_disjoint_seam_buffer_diagnostic_20260402.md	4058	historical_evidence	restored_in_archive	docs/archive/initial_commit/Semantic-Communication/session_bootstrap/reports/transpose1_disjoint_seam_buffer_diagnostic_20260402.md
Semantic-Communication/session_bootstrap/reports/transpose1_handwritten_optimization_plan_20260331.md	21908	historical_evidence	restored_in_archive	docs/archive/initial_commit/Semantic-Communication/session_bootstrap/reports/transpose1_handwritten_optimization_plan_20260331.md
Semantic-Communication/session_bootstrap/reports/transpose1_handwritten_v0_regression_diagnosis_20260331.md	3126	historical_evidence	restored_in_archive	docs/archive/initial_commit/Semantic-Communication/session_bootstrap/reports/transpose1_handwritten_v0_regression_diagnosis_20260331.md
Semantic-Communication/session_bootstrap/reports/transpose1_handwritten_v1_local_evidence_20260331.md	4009	historical_evidence	restored_in_archive	docs/archive/initial_commit/Semantic-Communication/session_bootstrap/reports/transpose1_handwritten_v1_local_evidence_20260331.md
Semantic-Communication/session_bootstrap/reports/transpose1_handwritten_work_review_20260331.md	16289	historical_evidence	restored_in_archive	docs/archive/initial_commit/Semantic-Communication/session_bootstrap/reports/transpose1_handwritten_work_review_20260331.md
Semantic-Communication/session_bootstrap/reports/transpose1_overlap_boundary_diagnostic_20260402.md	3715	historical_evidence	restored_in_archive	docs/archive/initial_commit/Semantic-Communication/session_bootstrap/reports/transpose1_overlap_boundary_diagnostic_20260402.md
Semantic-Communication/session_bootstrap/reports/transpose1_p1_v2_local_prep_20260402_0155.md	6329	historical_evidence	restored_in_archive	docs/archive/initial_commit/Semantic-Communication/session_bootstrap/reports/transpose1_p1_v2_local_prep_20260402_0155.md
Semantic-Communication/session_bootstrap/reports/transpose1_p1_v2_remote_benchmark_20260402_0158.md	2839	historical_evidence	restored_in_archive	docs/archive/initial_commit/Semantic-Communication/session_bootstrap/reports/transpose1_p1_v2_remote_benchmark_20260402_0158.md
Semantic-Communication/session_bootstrap/reports/transpose1_p2_local_prep_20260331_192414.md	3516	historical_evidence	restored_in_archive	docs/archive/initial_commit/Semantic-Communication/session_bootstrap/reports/transpose1_p2_local_prep_20260331_192414.md
Semantic-Communication/session_bootstrap/reports/transpose1_p2_remote_benchmark_20260331_192521.md	1975	historical_evidence	restored_in_archive	docs/archive/initial_commit/Semantic-Communication/session_bootstrap/reports/transpose1_p2_remote_benchmark_20260331_192521.md
Semantic-Communication/session_bootstrap/reports/transpose1_p3_local_prep_20260331_1110.md	3574	historical_evidence	restored_in_archive	docs/archive/initial_commit/Semantic-Communication/session_bootstrap/reports/transpose1_p3_local_prep_20260331_1110.md
Semantic-Communication/session_bootstrap/reports/transpose1_p3_remote_benchmark_20260331_191638.md	1762	historical_evidence	restored_in_archive	docs/archive/initial_commit/Semantic-Communication/session_bootstrap/reports/transpose1_p3_remote_benchmark_20260331_191638.md
Semantic-Communication/session_bootstrap/reports/transpose1_p3_v3_local_prep_20260402_1141.md	3399	historical_evidence	restored_in_archive	docs/archive/initial_commit/Semantic-Communication/session_bootstrap/reports/transpose1_p3_v3_local_prep_20260402_1141.md
Semantic-Communication/session_bootstrap/reports/transpose1_p3_v3_remote_benchmark_20260402_114235.md	3354	historical_evidence	restored_in_archive	docs/archive/initial_commit/Semantic-Communication/session_bootstrap/reports/transpose1_p3_v3_remote_benchmark_20260402_114235.md
Semantic-Communication/session_bootstrap/reports/transpose1_p4_local_prep_20260331_193115.md	2636	historical_evidence	restored_in_archive	docs/archive/initial_commit/Semantic-Communication/session_bootstrap/reports/transpose1_p4_local_prep_20260331_193115.md
Semantic-Communication/session_bootstrap/reports/transpose1_p4_remote_benchmark_20260331_193220.md	2052	historical_evidence	restored_in_archive	docs/archive/initial_commit/Semantic-Communication/session_bootstrap/reports/transpose1_p4_remote_benchmark_20260331_193220.md
Semantic-Communication/session_bootstrap/reports/transpose1_post_overlap_closure_decision_20260402.md	5422	historical_evidence	restored_in_archive	docs/archive/initial_commit/Semantic-Communication/session_bootstrap/reports/transpose1_post_overlap_closure_decision_20260402.md
Semantic-Communication/session_bootstrap/reports/transpose1_schedule_preserving_seam_note_20260331.md	5931	historical_evidence	restored_in_archive	docs/archive/initial_commit/Semantic-Communication/session_bootstrap/reports/transpose1_schedule_preserving_seam_note_20260331.md
Semantic-Communication/session_bootstrap/reports/transpose1_v10_local_status_20260406.md	4856	historical_evidence	restored_in_archive	docs/archive/initial_commit/Semantic-Communication/session_bootstrap/reports/transpose1_v10_local_status_20260406.md
Semantic-Communication/session_bootstrap/reports/transpose1_v1_local_evidence_20260331.md	3576	historical_evidence	restored_in_archive	docs/archive/initial_commit/Semantic-Communication/session_bootstrap/reports/transpose1_v1_local_evidence_20260331.md
Semantic-Communication/session_bootstrap/reports/transpose1_v1_remote_benchmark_20260331_185155.md	2444	historical_evidence	restored_in_archive	docs/archive/initial_commit/Semantic-Communication/session_bootstrap/reports/transpose1_v1_remote_benchmark_20260331_185155.md
Semantic-Communication/session_bootstrap/reports/transpose1_v1_remote_benchmark_20260331_185804.md	2177	historical_evidence	restored_in_archive	docs/archive/initial_commit/Semantic-Communication/session_bootstrap/reports/transpose1_v1_remote_benchmark_20260331_185804.md
Semantic-Communication/session_bootstrap/reports/transpose1_v4_first_locality_local_prep_20260402_1725.md	3177	historical_evidence	restored_in_archive	docs/archive/initial_commit/Semantic-Communication/session_bootstrap/reports/transpose1_v4_first_locality_local_prep_20260402_1725.md
Semantic-Communication/session_bootstrap/reports/transpose1_v4_local_status_20260402.md	2760	historical_evidence	restored_in_archive	docs/archive/initial_commit/Semantic-Communication/session_bootstrap/reports/transpose1_v4_local_status_20260402.md
Semantic-Communication/session_bootstrap/reports/transpose1_v4_remote_benchmark_20260402_172812.md	3322	historical_evidence	restored_in_archive	docs/archive/initial_commit/Semantic-Communication/session_bootstrap/reports/transpose1_v4_remote_benchmark_20260402_172812.md
Semantic-Communication/session_bootstrap/reports/transpose1_v5_local_prep_20260402.md	5610	historical_evidence	restored_in_archive	docs/archive/initial_commit/Semantic-Communication/session_bootstrap/reports/transpose1_v5_local_prep_20260402.md
Semantic-Communication/session_bootstrap/reports/transpose1_v5_remote_benchmark_20260402_175309.md	3075	historical_evidence	restored_in_archive	docs/archive/initial_commit/Semantic-Communication/session_bootstrap/reports/transpose1_v5_remote_benchmark_20260402_175309.md
Semantic-Communication/session_bootstrap/reports/transpose1_v6_local_prep_20260402.md	6854	historical_evidence	restored_in_archive	docs/archive/initial_commit/Semantic-Communication/session_bootstrap/reports/transpose1_v6_local_prep_20260402.md
Semantic-Communication/session_bootstrap/reports/transpose1_v6_remote_benchmark_20260402_180831.md	3317	historical_evidence	restored_in_archive	docs/archive/initial_commit/Semantic-Communication/session_bootstrap/reports/transpose1_v6_remote_benchmark_20260402_180831.md
Semantic-Communication/session_bootstrap/reports/transpose1_v7_local_prep_20260402.md	7140	historical_evidence	restored_in_archive	docs/archive/initial_commit/Semantic-Communication/session_bootstrap/reports/transpose1_v7_local_prep_20260402.md
Semantic-Communication/session_bootstrap/reports/transpose1_v7_remote_benchmark_20260402_182039.md	3369	historical_evidence	restored_in_archive	docs/archive/initial_commit/Semantic-Communication/session_bootstrap/reports/transpose1_v7_remote_benchmark_20260402_182039.md
Semantic-Communication/session_bootstrap/reports/transpose1_v7_working_set_analysis_20260403.md	7290	historical_evidence	restored_in_archive	docs/archive/initial_commit/Semantic-Communication/session_bootstrap/reports/transpose1_v7_working_set_analysis_20260403.md
Semantic-Communication/session_bootstrap/reports/transpose1_v8_follow_up_decision_20260402.md	6276	historical_evidence	restored_in_archive	docs/archive/initial_commit/Semantic-Communication/session_bootstrap/reports/transpose1_v8_follow_up_decision_20260402.md
Semantic-Communication/session_bootstrap/reports/transpose1_v8_local_prep_20260402.md	6094	historical_evidence	restored_in_archive	docs/archive/initial_commit/Semantic-Communication/session_bootstrap/reports/transpose1_v8_local_prep_20260402.md
Semantic-Communication/session_bootstrap/reports/transpose1_v8_remote_benchmark_20260402_185518.md	3167	historical_evidence	restored_in_archive	docs/archive/initial_commit/Semantic-Communication/session_bootstrap/reports/transpose1_v8_remote_benchmark_20260402_185518.md
Semantic-Communication/session_bootstrap/reports/transpose1_v9_follow_up_decision_20260402.md	6177	historical_evidence	restored_in_archive	docs/archive/initial_commit/Semantic-Communication/session_bootstrap/reports/transpose1_v9_follow_up_decision_20260402.md
Semantic-Communication/session_bootstrap/reports/transpose1_v9_local_prep_20260402.md	5603	historical_evidence	restored_in_archive	docs/archive/initial_commit/Semantic-Communication/session_bootstrap/reports/transpose1_v9_local_prep_20260402.md
Semantic-Communication/session_bootstrap/reports/transpose2_hotspot_next_step_report_20260331.md	7633	historical_evidence	restored_in_archive	docs/archive/initial_commit/Semantic-Communication/session_bootstrap/reports/transpose2_hotspot_next_step_report_20260331.md
Semantic-Communication/session_bootstrap/reports/transpose2_local_handwritten_lane_summary_20260331.md	3156	historical_evidence	restored_in_archive	docs/archive/initial_commit/Semantic-Communication/session_bootstrap/reports/transpose2_local_handwritten_lane_summary_20260331.md
Semantic-Communication/session_bootstrap/reports/transpose2_p1_v2_local_prep_20260402_1120.md	6251	historical_evidence	restored_in_archive	docs/archive/initial_commit/Semantic-Communication/session_bootstrap/reports/transpose2_p1_v2_local_prep_20260402_1120.md
Semantic-Communication/session_bootstrap/reports/transpose2_p1_v2_remote_benchmark_20260402_112915.md	3033	historical_evidence	restored_in_archive	docs/archive/initial_commit/Semantic-Communication/session_bootstrap/reports/transpose2_p1_v2_remote_benchmark_20260402_112915.md
Semantic-Communication/session_bootstrap/reports/transpose2_p2_local_prep_20260331_201923.md	4143	historical_evidence	restored_in_archive	docs/archive/initial_commit/Semantic-Communication/session_bootstrap/reports/transpose2_p2_local_prep_20260331_201923.md
Semantic-Communication/session_bootstrap/reports/transpose2_p2_remote_benchmark_20260331_202602.md	2014	historical_evidence	restored_in_archive	docs/archive/initial_commit/Semantic-Communication/session_bootstrap/reports/transpose2_p2_remote_benchmark_20260331_202602.md
Semantic-Communication/session_bootstrap/reports/transpose2_p4_local_prep_20260331_203049.md	4076	historical_evidence	restored_in_archive	docs/archive/initial_commit/Semantic-Communication/session_bootstrap/reports/transpose2_p4_local_prep_20260331_203049.md
Semantic-Communication/session_bootstrap/reports/transpose2_p4_remote_benchmark_20260331_203415.md	1983	historical_evidence	restored_in_archive	docs/archive/initial_commit/Semantic-Communication/session_bootstrap/reports/transpose2_p4_remote_benchmark_20260331_203415.md
Semantic-Communication/session_bootstrap/reports/transpose2_v1_local_prep_20260331_200827.md	4127	historical_evidence	restored_in_archive	docs/archive/initial_commit/Semantic-Communication/session_bootstrap/reports/transpose2_v1_local_prep_20260331_200827.md
Semantic-Communication/session_bootstrap/reports/transpose2_v1_remote_benchmark_20260331_201239.md	1928	historical_evidence	restored_in_archive	docs/archive/initial_commit/Semantic-Communication/session_bootstrap/reports/transpose2_v1_remote_benchmark_20260331_201239.md
Semantic-Communication/session_bootstrap/reports/transpose2_v3_kernel_pack_local_prep_20260402_1647.md	4832	historical_evidence	restored_in_archive	docs/archive/initial_commit/Semantic-Communication/session_bootstrap/reports/transpose2_v3_kernel_pack_local_prep_20260402_1647.md
Semantic-Communication/session_bootstrap/reports/transpose2_v3_local_status_20260402.md	2741	historical_evidence	restored_in_archive	docs/archive/initial_commit/Semantic-Communication/session_bootstrap/reports/transpose2_v3_local_status_20260402.md
Semantic-Communication/session_bootstrap/reports/transpose2_v3_remote_benchmark_20260402_165612.md	3249	historical_evidence	restored_in_archive	docs/archive/initial_commit/Semantic-Communication/session_bootstrap/reports/transpose2_v3_remote_benchmark_20260402_165612.md
Semantic-Communication/session_bootstrap/reports/transpose2_v4_remote_benchmark_20260403_0343.md	3325	historical_evidence	restored_in_archive	docs/archive/initial_commit/Semantic-Communication/session_bootstrap/reports/transpose2_v4_remote_benchmark_20260403_0343.md
Semantic-Communication/session_bootstrap/reports/transpose2_v4_remote_benchmark_blocked_20260403_0331.md	3128	historical_evidence	restored_in_archive	docs/archive/initial_commit/Semantic-Communication/session_bootstrap/reports/transpose2_v4_remote_benchmark_blocked_20260403_0331.md
Semantic-Communication/session_bootstrap/reports/transpose2_v4_width_window_local_prep_20260403.md	5997	historical_evidence	restored_in_archive	docs/archive/initial_commit/Semantic-Communication/session_bootstrap/reports/transpose2_v4_width_window_local_prep_20260403.md
Semantic-Communication/session_bootstrap/reports/transpose_add6_acl_vs_tvm_standalone_ab_20260404.md	3137	historical_evidence	restored_in_archive	docs/archive/initial_commit/Semantic-Communication/session_bootstrap/reports/transpose_add6_acl_vs_tvm_standalone_ab_20260404.md
Semantic-Communication/session_bootstrap/reports/transpose_add6_local_handwritten_lane_summary_20260331.md	3658	historical_evidence	restored_in_archive	docs/archive/initial_commit/Semantic-Communication/session_bootstrap/reports/transpose_add6_local_handwritten_lane_summary_20260331.md
Semantic-Communication/session_bootstrap/reports/transpose_add6_minimal_fullmodel_ab_20260404_183227_payload_ab.md	3189	historical_evidence	restored_in_archive	docs/archive/initial_commit/Semantic-Communication/session_bootstrap/reports/transpose_add6_minimal_fullmodel_ab_20260404_183227_payload_ab.md
Semantic-Communication/session_bootstrap/reports/transpose_add6_minimal_fullmodel_ab_20260404_183227_reconstruction_ab.md	2886	historical_evidence	restored_in_archive	docs/archive/initial_commit/Semantic-Communication/session_bootstrap/reports/transpose_add6_minimal_fullmodel_ab_20260404_183227_reconstruction_ab.md
Semantic-Communication/session_bootstrap/reports/transpose_add6_minimal_fullmodel_ab_path_20260404.md	6179	historical_evidence	restored_in_archive	docs/archive/initial_commit/Semantic-Communication/session_bootstrap/reports/transpose_add6_minimal_fullmodel_ab_path_20260404.md
Semantic-Communication/session_bootstrap/reports/transpose_add6_p2_local_prep_20260331_211421.md	4239	historical_evidence	restored_in_archive	docs/archive/initial_commit/Semantic-Communication/session_bootstrap/reports/transpose_add6_p2_local_prep_20260331_211421.md
Semantic-Communication/session_bootstrap/reports/transpose_add6_p2_remote_benchmark_20260331_212249.md	2077	historical_evidence	restored_in_archive	docs/archive/initial_commit/Semantic-Communication/session_bootstrap/reports/transpose_add6_p2_remote_benchmark_20260331_212249.md
Semantic-Communication/session_bootstrap/reports/transpose_add6_p4_local_prep_20260331_212807.md	4100	historical_evidence	restored_in_archive	docs/archive/initial_commit/Semantic-Communication/session_bootstrap/reports/transpose_add6_p4_local_prep_20260331_212807.md
Semantic-Communication/session_bootstrap/reports/transpose_add6_p4_remote_benchmark_20260331_213628.md	2073	historical_evidence	restored_in_archive	docs/archive/initial_commit/Semantic-Communication/session_bootstrap/reports/transpose_add6_p4_remote_benchmark_20260331_213628.md
Semantic-Communication/session_bootstrap/reports/transpose_add6_v1_local_prep_20260331_205312.md	4134	historical_evidence	restored_in_archive	docs/archive/initial_commit/Semantic-Communication/session_bootstrap/reports/transpose_add6_v1_local_prep_20260331_205312.md
Semantic-Communication/session_bootstrap/reports/transpose_add6_v1_remote_benchmark_20260331_210152.md	1964	historical_evidence	restored_in_archive	docs/archive/initial_commit/Semantic-Communication/session_bootstrap/reports/transpose_add6_v1_remote_benchmark_20260331_210152.md
Semantic-Communication/session_bootstrap/reports/transpose_add6_v2_dc0_slice_local_prep_20260403.md	7150	historical_evidence	restored_in_archive	docs/archive/initial_commit/Semantic-Communication/session_bootstrap/reports/transpose_add6_v2_dc0_slice_local_prep_20260403.md
Semantic-Communication/session_bootstrap/reports/transpose_add6_v2_dc0_slice_remote_benchmark_20260403_0030.md	4528	historical_evidence	restored_in_archive	docs/archive/initial_commit/Semantic-Communication/session_bootstrap/reports/transpose_add6_v2_dc0_slice_remote_benchmark_20260403_0030.md
Semantic-Communication/session_bootstrap/reports/transpose_add6_v2_locality_seed_local_prep_20260402.md	7095	historical_evidence	restored_in_archive	docs/archive/initial_commit/Semantic-Communication/session_bootstrap/reports/transpose_add6_v2_locality_seed_local_prep_20260402.md
Semantic-Communication/session_bootstrap/reports/trusted_current_speedup_causal_chain_20260313.md	6381	historical_evidence	restored_in_archive	docs/archive/initial_commit/Semantic-Communication/session_bootstrap/reports/trusted_current_speedup_causal_chain_20260313.md
Semantic-Communication/session_bootstrap/reports/variance3_v1_remote_benchmark_20260403.md	2423	historical_evidence	restored_in_archive	docs/archive/initial_commit/Semantic-Communication/session_bootstrap/reports/variance3_v1_remote_benchmark_20260403.md
Semantic-Communication/session_bootstrap/reports/variance4_evaluability_diagnosis_20260402.md	7656	historical_evidence	restored_in_archive	docs/archive/initial_commit/Semantic-Communication/session_bootstrap/reports/variance4_evaluability_diagnosis_20260402.md
Semantic-Communication/session_bootstrap/reports/variance4_handwritten_lane_status_20260402.md	3557	historical_evidence	restored_in_archive	docs/archive/initial_commit/Semantic-Communication/session_bootstrap/reports/variance4_handwritten_lane_status_20260402.md
Semantic-Communication/session_bootstrap/reports/variance4_v10_local_status_20260402.md	3912	historical_evidence	restored_in_archive	docs/archive/initial_commit/Semantic-Communication/session_bootstrap/reports/variance4_v10_local_status_20260402.md
Semantic-Communication/session_bootstrap/reports/variance4_v11_local_status_20260402.md	3759	historical_evidence	restored_in_archive	docs/archive/initial_commit/Semantic-Communication/session_bootstrap/reports/variance4_v11_local_status_20260402.md
Semantic-Communication/session_bootstrap/reports/variance4_v11_v12_lowering_diagnostic_20260402.md	4743	historical_evidence	restored_in_archive	docs/archive/initial_commit/Semantic-Communication/session_bootstrap/reports/variance4_v11_v12_lowering_diagnostic_20260402.md
Semantic-Communication/session_bootstrap/reports/variance4_v12_local_status_20260402.md	4023	historical_evidence	restored_in_archive	docs/archive/initial_commit/Semantic-Communication/session_bootstrap/reports/variance4_v12_local_status_20260402.md
Semantic-Communication/session_bootstrap/reports/variance4_v12_v13_lowering_diagnostic_20260402.md	4959	historical_evidence	restored_in_archive	docs/archive/initial_commit/Semantic-Communication/session_bootstrap/reports/variance4_v12_v13_lowering_diagnostic_20260402.md
Semantic-Communication/session_bootstrap/reports/variance4_v13_local_status_20260402.md	3511	historical_evidence	restored_in_archive	docs/archive/initial_commit/Semantic-Communication/session_bootstrap/reports/variance4_v13_local_status_20260402.md
Semantic-Communication/session_bootstrap/reports/variance4_v13_remote_benchmark_20260402_162140.md	3171	historical_evidence	restored_in_archive	docs/archive/initial_commit/Semantic-Communication/session_bootstrap/reports/variance4_v13_remote_benchmark_20260402_162140.md
Semantic-Communication/session_bootstrap/reports/variance4_v14_local_status_20260403.md	6065	historical_evidence	restored_in_archive	docs/archive/initial_commit/Semantic-Communication/session_bootstrap/reports/variance4_v14_local_status_20260403.md
Semantic-Communication/session_bootstrap/reports/variance4_v14_remote_benchmark_20260403_0048.md	3699	historical_evidence	restored_in_archive	docs/archive/initial_commit/Semantic-Communication/session_bootstrap/reports/variance4_v14_remote_benchmark_20260403_0048.md
Semantic-Communication/session_bootstrap/reports/variance4_v15_local_status_20260403.md	4975	historical_evidence	restored_in_archive	docs/archive/initial_commit/Semantic-Communication/session_bootstrap/reports/variance4_v15_local_status_20260403.md
Semantic-Communication/session_bootstrap/reports/variance4_v15_remote_benchmark_20260403_0116.md	3613	historical_evidence	restored_in_archive	docs/archive/initial_commit/Semantic-Communication/session_bootstrap/reports/variance4_v15_remote_benchmark_20260403_0116.md
Semantic-Communication/session_bootstrap/reports/variance4_v15_remote_benchmark_blocked_20260403_0105.md	3547	historical_evidence	restored_in_archive	docs/archive/initial_commit/Semantic-Communication/session_bootstrap/reports/variance4_v15_remote_benchmark_blocked_20260403_0105.md
Semantic-Communication/session_bootstrap/reports/variance4_v16_local_status_20260403.md	5216	historical_evidence	restored_in_archive	docs/archive/initial_commit/Semantic-Communication/session_bootstrap/reports/variance4_v16_local_status_20260403.md
Semantic-Communication/session_bootstrap/reports/variance4_v16_remote_benchmark_20260403_0134.md	3352	historical_evidence	restored_in_archive	docs/archive/initial_commit/Semantic-Communication/session_bootstrap/reports/variance4_v16_remote_benchmark_20260403_0134.md
Semantic-Communication/session_bootstrap/reports/variance4_v16_remote_benchmark_blocked_20260403_0134.md	3318	historical_evidence	restored_in_archive	docs/archive/initial_commit/Semantic-Communication/session_bootstrap/reports/variance4_v16_remote_benchmark_blocked_20260403_0134.md
Semantic-Communication/session_bootstrap/reports/variance4_v17_local_status_20260403.md	5656	historical_evidence	restored_in_archive	docs/archive/initial_commit/Semantic-Communication/session_bootstrap/reports/variance4_v17_local_status_20260403.md
Semantic-Communication/session_bootstrap/reports/variance4_v17_remote_benchmark_20260403_0212.md	3458	historical_evidence	restored_in_archive	docs/archive/initial_commit/Semantic-Communication/session_bootstrap/reports/variance4_v17_remote_benchmark_20260403_0212.md
Semantic-Communication/session_bootstrap/reports/variance4_v17_remote_benchmark_blocked_20260403_0205.md	4232	historical_evidence	restored_in_archive	docs/archive/initial_commit/Semantic-Communication/session_bootstrap/reports/variance4_v17_remote_benchmark_blocked_20260403_0205.md
Semantic-Communication/session_bootstrap/reports/variance4_v18_local_status_20260403.md	5927	historical_evidence	restored_in_archive	docs/archive/initial_commit/Semantic-Communication/session_bootstrap/reports/variance4_v18_local_status_20260403.md
Semantic-Communication/session_bootstrap/reports/variance4_v18_remote_benchmark_20260403_0239.md	3513	historical_evidence	restored_in_archive	docs/archive/initial_commit/Semantic-Communication/session_bootstrap/reports/variance4_v18_remote_benchmark_20260403_0239.md
Semantic-Communication/session_bootstrap/reports/variance4_v18_remote_benchmark_blocked_20260403_0228.md	3687	historical_evidence	restored_in_archive	docs/archive/initial_commit/Semantic-Communication/session_bootstrap/reports/variance4_v18_remote_benchmark_blocked_20260403_0228.md
Semantic-Communication/session_bootstrap/reports/variance4_v19_local_status_20260403.md	6000	historical_evidence	restored_in_archive	docs/archive/initial_commit/Semantic-Communication/session_bootstrap/reports/variance4_v19_local_status_20260403.md
Semantic-Communication/session_bootstrap/reports/variance4_v19_remote_benchmark_20260403_0307.md	3437	historical_evidence	restored_in_archive	docs/archive/initial_commit/Semantic-Communication/session_bootstrap/reports/variance4_v19_remote_benchmark_20260403_0307.md
Semantic-Communication/session_bootstrap/reports/variance4_v19_remote_benchmark_blocked_20260403_0254.md	3617	historical_evidence	restored_in_archive	docs/archive/initial_commit/Semantic-Communication/session_bootstrap/reports/variance4_v19_remote_benchmark_blocked_20260403_0254.md
Semantic-Communication/session_bootstrap/reports/variance4_v21_local_status_20260406.md	5663	historical_evidence	restored_in_archive	docs/archive/initial_commit/Semantic-Communication/session_bootstrap/reports/variance4_v21_local_status_20260406.md
Semantic-Communication/session_bootstrap/reports/variance4_v21_remote_benchmark_blocked_20260406.md	3672	historical_evidence	restored_in_archive	docs/archive/initial_commit/Semantic-Communication/session_bootstrap/reports/variance4_v21_remote_benchmark_blocked_20260406.md
Semantic-Communication/session_bootstrap/reports/variance4_v21_remote_retry_blocked_20260406_1830.md	2553	historical_evidence	restored_in_archive	docs/archive/initial_commit/Semantic-Communication/session_bootstrap/reports/variance4_v21_remote_retry_blocked_20260406_1830.md
Semantic-Communication/session_bootstrap/reports/variance4_v22_local_status_20260406.md	4161	historical_evidence	restored_in_archive	docs/archive/initial_commit/Semantic-Communication/session_bootstrap/reports/variance4_v22_local_status_20260406.md
Semantic-Communication/session_bootstrap/reports/variance4_v23_local_status_20260406.md	4145	historical_evidence	restored_in_archive	docs/archive/initial_commit/Semantic-Communication/session_bootstrap/reports/variance4_v23_local_status_20260406.md
Semantic-Communication/session_bootstrap/reports/variance4_v23_remote_benchmark_20260406_1344.md	5868	historical_evidence	restored_in_archive	docs/archive/initial_commit/Semantic-Communication/session_bootstrap/reports/variance4_v23_remote_benchmark_20260406_1344.md
Semantic-Communication/session_bootstrap/reports/variance4_v23_remote_benchmark_blocked_20260406.md	2122	historical_evidence	restored_in_archive	docs/archive/initial_commit/Semantic-Communication/session_bootstrap/reports/variance4_v23_remote_benchmark_blocked_20260406.md
Semantic-Communication/session_bootstrap/reports/variance4_v24_local_status_20260406.md	4244	historical_evidence	restored_in_archive	docs/archive/initial_commit/Semantic-Communication/session_bootstrap/reports/variance4_v24_local_status_20260406.md
Semantic-Communication/session_bootstrap/reports/variance4_v2_local_prep_20260402_1313.md	6646	historical_evidence	restored_in_archive	docs/archive/initial_commit/Semantic-Communication/session_bootstrap/reports/variance4_v2_local_prep_20260402_1313.md
Semantic-Communication/session_bootstrap/reports/variance4_v3_local_status_20260402.md	3303	historical_evidence	restored_in_archive	docs/archive/initial_commit/Semantic-Communication/session_bootstrap/reports/variance4_v3_local_status_20260402.md
Semantic-Communication/session_bootstrap/reports/variance4_v4_local_status_20260402.md	3203	historical_evidence	restored_in_archive	docs/archive/initial_commit/Semantic-Communication/session_bootstrap/reports/variance4_v4_local_status_20260402.md
Semantic-Communication/session_bootstrap/reports/variance4_v5_local_status_20260402.md	3224	historical_evidence	restored_in_archive	docs/archive/initial_commit/Semantic-Communication/session_bootstrap/reports/variance4_v5_local_status_20260402.md
Semantic-Communication/session_bootstrap/reports/variance4_v6_exactness_diagnosis_20260402.md	4999	historical_evidence	restored_in_archive	docs/archive/initial_commit/Semantic-Communication/session_bootstrap/reports/variance4_v6_exactness_diagnosis_20260402.md
Semantic-Communication/session_bootstrap/reports/variance4_v6_local_status_20260402.md	3923	historical_evidence	restored_in_archive	docs/archive/initial_commit/Semantic-Communication/session_bootstrap/reports/variance4_v6_local_status_20260402.md
Semantic-Communication/session_bootstrap/reports/variance4_v7_local_status_20260402.md	3310	historical_evidence	restored_in_archive	docs/archive/initial_commit/Semantic-Communication/session_bootstrap/reports/variance4_v7_local_status_20260402.md
Semantic-Communication/session_bootstrap/reports/variance4_v8_local_status_20260402.md	3384	historical_evidence	restored_in_archive	docs/archive/initial_commit/Semantic-Communication/session_bootstrap/reports/variance4_v8_local_status_20260402.md
Semantic-Communication/session_bootstrap/reports/variance4_v8_v11_lowering_diagnostic_20260402.md	4755	historical_evidence	restored_in_archive	docs/archive/initial_commit/Semantic-Communication/session_bootstrap/reports/variance4_v8_v11_lowering_diagnostic_20260402.md
Semantic-Communication/session_bootstrap/reports/variance4_v9_local_status_20260402.md	3553	historical_evidence	restored_in_archive	docs/archive/initial_commit/Semantic-Communication/session_bootstrap/reports/variance4_v9_local_status_20260402.md
Semantic-Communication/session_bootstrap/runbooks/artifact_registry.md	22433	runbooks	restored_in_archive	docs/archive/initial_commit/Semantic-Communication/session_bootstrap/runbooks/artifact_registry.md
Semantic-Communication/session_bootstrap/runbooks/big_little_pipeline_runbook_2026-03-18.md	6355	runbooks	restored_in_archive	docs/archive/initial_commit/Semantic-Communication/session_bootstrap/runbooks/big_little_pipeline_runbook_2026-03-18.md
Semantic-Communication/session_bootstrap/runbooks/cockpit_native_demo_packet_index_2026-03-24.md	2117	runbooks	restored_in_archive	docs/archive/initial_commit/Semantic-Communication/session_bootstrap/runbooks/cockpit_native_demo_packet_index_2026-03-24.md
Semantic-Communication/session_bootstrap/runbooks/cockpit_native_demo_talk_track_2026-03-24.md	5279	runbooks	restored_in_archive	docs/archive/initial_commit/Semantic-Communication/session_bootstrap/runbooks/cockpit_native_demo_talk_track_2026-03-24.md
Semantic-Communication/session_bootstrap/runbooks/current_safe_promotion_gate_2026-03-30.md	2167	runbooks	restored_in_archive	docs/archive/initial_commit/Semantic-Communication/session_bootstrap/runbooks/current_safe_promotion_gate_2026-03-30.md
Semantic-Communication/session_bootstrap/runbooks/handwritten_fused_conv2d3_add15_runbook_2026-03-31.md	2576	runbooks	restored_in_archive	docs/archive/initial_commit/Semantic-Communication/session_bootstrap/runbooks/handwritten_fused_conv2d3_add15_runbook_2026-03-31.md
Semantic-Communication/session_bootstrap/runbooks/handwritten_fused_conv2d_transpose1_add9_2026-03-31.md	5289	runbooks	restored_in_archive	docs/archive/initial_commit/Semantic-Communication/session_bootstrap/runbooks/handwritten_fused_conv2d_transpose1_add9_2026-03-31.md
Semantic-Communication/session_bootstrap/runbooks/handwritten_fused_conv2d_transpose1_add9_manual_hook_2026-03-31.md	6044	runbooks	restored_in_archive	docs/archive/initial_commit/Semantic-Communication/session_bootstrap/runbooks/handwritten_fused_conv2d_transpose1_add9_manual_hook_2026-03-31.md
Semantic-Communication/session_bootstrap/runbooks/handwritten_fused_conv2d_transpose1_add9_runbook_2026-03-31.md	6019	runbooks	restored_in_archive	docs/archive/initial_commit/Semantic-Communication/session_bootstrap/runbooks/handwritten_fused_conv2d_transpose1_add9_runbook_2026-03-31.md
Semantic-Communication/session_bootstrap/runbooks/handwritten_fused_conv2d_transpose2_add12_runbook_2026-03-31.md	3707	runbooks	restored_in_archive	docs/archive/initial_commit/Semantic-Communication/session_bootstrap/runbooks/handwritten_fused_conv2d_transpose2_add12_runbook_2026-03-31.md
Semantic-Communication/session_bootstrap/runbooks/handwritten_fused_conv2d_transpose_add6_runbook_2026-03-31.md	2714	runbooks	restored_in_archive	docs/archive/initial_commit/Semantic-Communication/session_bootstrap/runbooks/handwritten_fused_conv2d_transpose_add6_runbook_2026-03-31.md
Semantic-Communication/session_bootstrap/runbooks/handwritten_fused_mean4_subtract4_divide4_multiply4_add14_relu3_runbook_2026-03-31.md	6337	runbooks	restored_in_archive	docs/archive/initial_commit/Semantic-Communication/session_bootstrap/runbooks/handwritten_fused_mean4_subtract4_divide4_multiply4_add14_relu3_runbook_2026-03-31.md
Semantic-Communication/session_bootstrap/runbooks/handwritten_fused_variance4_add13_tir_sqrt4_runbook_2026-04-02.md	2888	runbooks	restored_in_archive	docs/archive/initial_commit/Semantic-Communication/session_bootstrap/runbooks/handwritten_fused_variance4_add13_tir_sqrt4_runbook_2026-04-02.md
Semantic-Communication/session_bootstrap/runbooks/handwritten_hotspot_tir_neon_path_2026-03-31.md	6162	runbooks	restored_in_archive	docs/archive/initial_commit/Semantic-Communication/session_bootstrap/runbooks/handwritten_hotspot_tir_neon_path_2026-03-31.md
Semantic-Communication/session_bootstrap/runbooks/judge_evidence_workflow_2026-03-30.md	9505	runbooks	restored_in_archive	docs/archive/initial_commit/Semantic-Communication/session_bootstrap/runbooks/judge_evidence_workflow_2026-03-30.md
Semantic-Communication/session_bootstrap/runbooks/next_round_optimization_checklist.md	41029	runbooks	restored_in_archive	docs/archive/initial_commit/Semantic-Communication/session_bootstrap/runbooks/next_round_optimization_checklist.md
Semantic-Communication/session_bootstrap/runbooks/openamp_signed_admission_transport_v1_2026-03-16.md	10774	runbooks	restored_in_archive	docs/archive/initial_commit/Semantic-Communication/session_bootstrap/runbooks/openamp_signed_admission_transport_v1_2026-03-16.md
Semantic-Communication/session_bootstrap/runbooks/openamp_signed_manifest_admission_design_2026-03-16.md	12297	runbooks	restored_in_archive	docs/archive/initial_commit/Semantic-Communication/session_bootstrap/runbooks/openamp_signed_manifest_admission_design_2026-03-16.md
Semantic-Communication/session_bootstrap/runbooks/openamp_status_req_resp_runbook_2026-03-14.md	6977	runbooks	restored_in_archive	docs/archive/initial_commit/Semantic-Communication/session_bootstrap/runbooks/openamp_status_req_resp_runbook_2026-03-14.md
Semantic-Communication/session_bootstrap/runbooks/openamp_trusted_current_control_wrapper_2026-03-13.md	5215	runbooks	restored_in_archive	docs/archive/initial_commit/Semantic-Communication/session_bootstrap/runbooks/openamp_trusted_current_control_wrapper_2026-03-13.md
Semantic-Communication/session_bootstrap/runbooks/optimization_roadmap.md	9300	runbooks	restored_in_archive	docs/archive/initial_commit/Semantic-Communication/session_bootstrap/runbooks/optimization_roadmap.md
Semantic-Communication/session_bootstrap/runbooks/phytium_openamp_dtb_switch_runbook_2026-03-13.md	6093	runbooks	restored_in_archive	docs/archive/initial_commit/Semantic-Communication/session_bootstrap/runbooks/phytium_openamp_dtb_switch_runbook_2026-03-13.md
Semantic-Communication/session_bootstrap/runbooks/phytium_openamp_for_linux_status_req_resp_patch_runbook_2026-03-14.md	7481	runbooks	restored_in_archive	docs/archive/initial_commit/Semantic-Communication/session_bootstrap/runbooks/phytium_openamp_for_linux_status_req_resp_patch_runbook_2026-03-14.md
Semantic-Communication/session_bootstrap/runbooks/phytium_real_rpc_tuning_round1.md	4983	runbooks	restored_in_archive	docs/archive/initial_commit/Semantic-Communication/session_bootstrap/runbooks/phytium_real_rpc_tuning_round1.md
Semantic-Communication/session_bootstrap/runbooks/rpc_first_round_runbook.md	2703	runbooks	restored_in_archive	docs/archive/initial_commit/Semantic-Communication/session_bootstrap/runbooks/rpc_first_round_runbook.md
Semantic-Communication/session_bootstrap/runbooks/runtime_joint_top5_targeted_staging_search_2026-03-30.md	1875	runbooks	restored_in_archive	docs/archive/initial_commit/Semantic-Communication/session_bootstrap/runbooks/runtime_joint_top5_targeted_staging_search_2026-03-30.md
Semantic-Communication/session_bootstrap/runbooks/runtime_joint_top6_refine_staging_search_2026-03-31.md	1440	runbooks	restored_in_archive	docs/archive/initial_commit/Semantic-Communication/session_bootstrap/runbooks/runtime_joint_top6_refine_staging_search_2026-03-31.md
Semantic-Communication/session_bootstrap/runbooks/runtime_joint_top6_targeted_staging_search_2026-03-30.md	1915	runbooks	restored_in_archive	docs/archive/initial_commit/Semantic-Communication/session_bootstrap/runbooks/runtime_joint_top6_targeted_staging_search_2026-03-30.md
Semantic-Communication/session_bootstrap/runbooks/runtime_profiling_enablement_plan_2026-03-30.md	5224	runbooks	restored_in_archive	docs/archive/initial_commit/Semantic-Communication/session_bootstrap/runbooks/runtime_profiling_enablement_plan_2026-03-30.md
Semantic-Communication/session_bootstrap/runbooks/runtime_shifted_top3_targeted_search_2026-03-30.md	3606	runbooks	restored_in_archive	docs/archive/initial_commit/Semantic-Communication/session_bootstrap/runbooks/runtime_shifted_top3_targeted_search_2026-03-30.md
Semantic-Communication/session_bootstrap/runbooks/runtime_top2_targeted_search_2026-03-30.md	3059	runbooks	restored_in_archive	docs/archive/initial_commit/Semantic-Communication/session_bootstrap/runbooks/runtime_top2_targeted_search_2026-03-30.md
Semantic-Communication/session_bootstrap/runbooks/赛题对齐正式基线口径_2026-03-13.md	3412	runbooks	restored_in_archive	docs/archive/initial_commit/Semantic-Communication/session_bootstrap/runbooks/赛题对齐正式基线口径_2026-03-13.md
Semantic-Communication/session_bootstrap/tasks/backlog.md	1846	other_text	restored_in_archive	docs/archive/initial_commit/Semantic-Communication/session_bootstrap/tasks/backlog.md
Semantic-Communication/session_bootstrap/tasks/codex_continue_current_work_prompt.txt	1065	other_text	restored_in_archive	docs/archive/initial_commit/Semantic-Communication/session_bootstrap/tasks/codex_continue_current_work_prompt.txt
Semantic-Communication/session_bootstrap/tasks/赛题对齐后续执行总清单_2026-03-13.md	32965	other_text	restored_in_archive	docs/archive/initial_commit/Semantic-Communication/session_bootstrap/tasks/赛题对齐后续执行总清单_2026-03-13.md
Semantic-Communication/session_bootstrap/tasks/赛题对齐执行追踪板_2026-03-13.md	23792	other_text	restored_in_archive	docs/archive/initial_commit/Semantic-Communication/session_bootstrap/tasks/赛题对齐执行追踪板_2026-03-13.md
Semantic-Communication/session_bootstrap/templates/daily_field_mapping_rpc.md	1888	other_text	restored_in_archive	docs/archive/initial_commit/Semantic-Communication/session_bootstrap/templates/daily_field_mapping_rpc.md
Semantic-Communication/session_bootstrap/templates/daily_report_template.md	398	other_text	restored_in_archive	docs/archive/initial_commit/Semantic-Communication/session_bootstrap/templates/daily_report_template.md
Semantic-Communication/session_bootstrap/templates/experiment_record_template.md	383	project_module_docs	restored_in_archive	docs/archive/initial_commit/Semantic-Communication/session_bootstrap/templates/experiment_record_template.md
Semantic-Communication/session_bootstrap/templates/openamp_coverage_matrix_template.md	411	other_text	restored_in_archive	docs/archive/initial_commit/Semantic-Communication/session_bootstrap/templates/openamp_coverage_matrix_template.md
Semantic-Communication/session_bootstrap/templates/openamp_fit_report_template.md	341	other_text	restored_in_archive	docs/archive/initial_commit/Semantic-Communication/session_bootstrap/templates/openamp_fit_report_template.md
Semantic-Communication/session_bootstrap/templates/openamp_status_req_resp_evidence_template.md	834	other_text	restored_in_archive	docs/archive/initial_commit/Semantic-Communication/session_bootstrap/templates/openamp_status_req_resp_evidence_template.md
Semantic-Communication/to_zzw.md	7240	project_module_docs	restored_in_archive	docs/archive/initial_commit/Semantic-Communication/to_zzw.md
USRP B205 mini 连接方法.md	2872	other_text	restored_in_archive	docs/archive/initial_commit/USRP B205 mini 连接方法.md
USRP292x/AntennaLoopbackRecord.md	3410	project_module_docs	restored_in_archive	docs/archive/initial_commit/USRP292x/AntennaLoopbackRecord.md
USRP292x/JsccRadioRoadmap.md	34957	project_module_docs	restored_in_archive	docs/archive/initial_commit/USRP292x/JsccRadioRoadmap.md
USRP292x/OPTIMIZATION_CHANGELOG.md	7261	other_text	restored_in_archive	docs/archive/initial_commit/USRP292x/OPTIMIZATION_CHANGELOG.md
USRP292x/OtaSingleLinkGuide.md	36628	project_module_docs	restored_in_archive	docs/archive/initial_commit/USRP292x/OtaSingleLinkGuide.md
USRP292x/QpskFileLinkRecord.md	24776	project_module_docs	restored_in_archive	docs/archive/initial_commit/USRP292x/QpskFileLinkRecord.md
USRP292x/README_TUI_DUAL_HOST.md	13844	project_module_docs	restored_in_archive	docs/archive/initial_commit/USRP292x/README_TUI_DUAL_HOST.md
docker/README.md	4066	project_module_docs	present	docs/archive/initial_commit/docker/README.md
docker/ubuntu-minimal.md	3028	other_text	restored_in_archive	docs/archive/initial_commit/docker/ubuntu-minimal.md
host_pic_to_latent/README.md	3016	project_module_docs	restored_in_archive	docs/archive/initial_commit/host_pic_to_latent/README.md
liboqs/.github/ISSUE_TEMPLATE/bug_report.md	802	vendored_liboqs	restored_in_archive	docs/archive/initial_commit/liboqs/.github/ISSUE_TEMPLATE/bug_report.md
liboqs/.github/pull_request_template.md	1301	vendored_liboqs	restored_in_archive	docs/archive/initial_commit/liboqs/.github/pull_request_template.md
liboqs/.github/workflows/requirements.txt	6200	vendored_liboqs	present	docs/archive/initial_commit/liboqs/.github/workflows/requirements.txt
liboqs/CI.md	5593	vendored_liboqs	restored_in_archive	docs/archive/initial_commit/liboqs/CI.md
liboqs/CMakeLists.txt	13142	vendored_liboqs	present	docs/archive/initial_commit/liboqs/CMakeLists.txt
liboqs/CODE_OF_CONDUCT.md	5229	vendored_liboqs	restored_in_archive	docs/archive/initial_commit/liboqs/CODE_OF_CONDUCT.md
liboqs/CONFIGURE.md	17083	vendored_liboqs	restored_in_archive	docs/archive/initial_commit/liboqs/CONFIGURE.md
liboqs/CONTRIBUTING.md	5354	vendored_liboqs	restored_in_archive	docs/archive/initial_commit/liboqs/CONTRIBUTING.md
liboqs/GOVERNANCE.md	6502	vendored_liboqs	restored_in_archive	docs/archive/initial_commit/liboqs/GOVERNANCE.md
liboqs/LICENSE.txt	1324	vendored_liboqs	present	docs/archive/initial_commit/liboqs/LICENSE.txt
liboqs/PLATFORMS.md	6997	vendored_liboqs	restored_in_archive	docs/archive/initial_commit/liboqs/PLATFORMS.md
liboqs/README.md	19701	vendored_liboqs	restored_in_archive	docs/archive/initial_commit/liboqs/README.md
liboqs/RELEASE.md	7909	vendored_liboqs	restored_in_archive	docs/archive/initial_commit/liboqs/RELEASE.md
liboqs/SECURITY.md	2521	vendored_liboqs	restored_in_archive	docs/archive/initial_commit/liboqs/SECURITY.md
liboqs/docs/FUZZING.md	2353	vendored_liboqs	restored_in_archive	docs/archive/initial_commit/liboqs/docs/FUZZING.md
liboqs/docs/PROCEDURES.md	3261	vendored_liboqs	restored_in_archive	docs/archive/initial_commit/liboqs/docs/PROCEDURES.md
liboqs/docs/algorithms/kem/bike.md	5854	vendored_liboqs	restored_in_archive	docs/archive/initial_commit/liboqs/docs/algorithms/kem/bike.md
liboqs/docs/algorithms/kem/classic_mceliece.md	16564	vendored_liboqs	restored_in_archive	docs/archive/initial_commit/liboqs/docs/algorithms/kem/classic_mceliece.md
liboqs/docs/algorithms/kem/frodokem.md	10007	vendored_liboqs	restored_in_archive	docs/archive/initial_commit/liboqs/docs/algorithms/kem/frodokem.md
liboqs/docs/algorithms/kem/hqc.md	5146	vendored_liboqs	restored_in_archive	docs/archive/initial_commit/liboqs/docs/algorithms/kem/hqc.md
liboqs/docs/algorithms/kem/kyber.md	8499	vendored_liboqs	restored_in_archive	docs/archive/initial_commit/liboqs/docs/algorithms/kem/kyber.md
liboqs/docs/algorithms/kem/ml_kem.md	7713	vendored_liboqs	restored_in_archive	docs/archive/initial_commit/liboqs/docs/algorithms/kem/ml_kem.md
liboqs/docs/algorithms/kem/ntruprime.md	2992	vendored_liboqs	restored_in_archive	docs/archive/initial_commit/liboqs/docs/algorithms/kem/ntruprime.md
liboqs/docs/algorithms/sig/cross.md	26165	vendored_liboqs	restored_in_archive	docs/archive/initial_commit/liboqs/docs/algorithms/sig/cross.md
liboqs/docs/algorithms/sig/dilithium.md	6797	vendored_liboqs	restored_in_archive	docs/archive/initial_commit/liboqs/docs/algorithms/sig/dilithium.md
liboqs/docs/algorithms/sig/falcon.md	8207	vendored_liboqs	restored_in_archive	docs/archive/initial_commit/liboqs/docs/algorithms/sig/falcon.md
liboqs/docs/algorithms/sig/mayo.md	7709	vendored_liboqs	restored_in_archive	docs/archive/initial_commit/liboqs/docs/algorithms/sig/mayo.md
liboqs/docs/algorithms/sig/ml_dsa.md	5442	vendored_liboqs	restored_in_archive	docs/archive/initial_commit/liboqs/docs/algorithms/sig/ml_dsa.md
liboqs/docs/algorithms/sig/snova.md	20892	vendored_liboqs	restored_in_archive	docs/archive/initial_commit/liboqs/docs/algorithms/sig/snova.md
liboqs/docs/algorithms/sig/sphincs.md	18129	vendored_liboqs	restored_in_archive	docs/archive/initial_commit/liboqs/docs/algorithms/sig/sphincs.md
liboqs/docs/algorithms/sig/uov.md	20685	vendored_liboqs	restored_in_archive	docs/archive/initial_commit/liboqs/docs/algorithms/sig/uov.md
liboqs/docs/algorithms/sig_stfl/lms.md	5889	vendored_liboqs	restored_in_archive	docs/archive/initial_commit/liboqs/docs/algorithms/sig_stfl/lms.md
liboqs/docs/algorithms/sig_stfl/sig_stfl.md	1857	vendored_liboqs	restored_in_archive	docs/archive/initial_commit/liboqs/docs/algorithms/sig_stfl/sig_stfl.md
liboqs/docs/algorithms/sig_stfl/xmss.md	6447	vendored_liboqs	restored_in_archive	docs/archive/initial_commit/liboqs/docs/algorithms/sig_stfl/xmss.md
liboqs/scripts/copy_from_upstream/requirements.txt	12546	vendored_liboqs	present	docs/archive/initial_commit/liboqs/scripts/copy_from_upstream/requirements.txt
liboqs/scripts/copy_from_upstream/src/kem/family/CMakeLists.txt	5887	vendored_liboqs	present	docs/archive/initial_commit/liboqs/scripts/copy_from_upstream/src/kem/family/CMakeLists.txt
liboqs/scripts/copy_from_upstream/src/sig/family/CMakeLists.txt	4320	vendored_liboqs	present	docs/archive/initial_commit/liboqs/scripts/copy_from_upstream/src/sig/family/CMakeLists.txt
liboqs/scripts/copy_from_xkcp/CMakeLists.txt	2196	vendored_liboqs	present	docs/archive/initial_commit/liboqs/scripts/copy_from_xkcp/CMakeLists.txt
liboqs/src/CMakeLists.txt	5975	vendored_liboqs	present	docs/archive/initial_commit/liboqs/src/CMakeLists.txt
liboqs/src/common/CMakeLists.txt	6909	vendored_liboqs	present	docs/archive/initial_commit/liboqs/src/common/CMakeLists.txt
liboqs/src/common/sha3/avx512vl_low/CMakeLists.txt	442	vendored_liboqs	present	docs/archive/initial_commit/liboqs/src/common/sha3/avx512vl_low/CMakeLists.txt
liboqs/src/common/sha3/xkcp_low/CMakeLists.txt	2196	vendored_liboqs	present	docs/archive/initial_commit/liboqs/src/common/sha3/xkcp_low/CMakeLists.txt
liboqs/src/kem/bike/CMakeLists.txt	4553	vendored_liboqs	present	docs/archive/initial_commit/liboqs/src/kem/bike/CMakeLists.txt
liboqs/src/kem/bike/additional_r4/README.md	11562	vendored_liboqs	restored_in_archive	docs/archive/initial_commit/liboqs/src/kem/bike/additional_r4/README.md
liboqs/src/kem/classic_mceliece/CMakeLists.txt	34961	vendored_liboqs	present	docs/archive/initial_commit/liboqs/src/kem/classic_mceliece/CMakeLists.txt
liboqs/src/kem/frodokem/CMakeLists.txt	1866	vendored_liboqs	present	docs/archive/initial_commit/liboqs/src/kem/frodokem/CMakeLists.txt
liboqs/src/kem/hqc/CMakeLists.txt	2908	vendored_liboqs	present	docs/archive/initial_commit/liboqs/src/kem/hqc/CMakeLists.txt
liboqs/src/kem/kyber/CMakeLists.txt	11789	vendored_liboqs	present	docs/archive/initial_commit/liboqs/src/kem/kyber/CMakeLists.txt
liboqs/src/kem/ml_kem/CMakeLists.txt	16538	vendored_liboqs	present	docs/archive/initial_commit/liboqs/src/kem/ml_kem/CMakeLists.txt
liboqs/src/kem/ml_kem/mlkem-native_ml-kem-1024_aarch64/mlkem/src/native/aarch64/README.md	1211	vendored_liboqs	restored_in_archive	docs/archive/initial_commit/liboqs/src/kem/ml_kem/mlkem-native_ml-kem-1024_aarch64/mlkem/src/native/aarch64/README.md
liboqs/src/kem/ml_kem/mlkem-native_ml-kem-1024_x86_64/mlkem/src/native/x86_64/README.md	237	vendored_liboqs	restored_in_archive	docs/archive/initial_commit/liboqs/src/kem/ml_kem/mlkem-native_ml-kem-1024_x86_64/mlkem/src/native/x86_64/README.md
liboqs/src/kem/ml_kem/mlkem-native_ml-kem-512_aarch64/mlkem/src/native/aarch64/README.md	1211	vendored_liboqs	restored_in_archive	docs/archive/initial_commit/liboqs/src/kem/ml_kem/mlkem-native_ml-kem-512_aarch64/mlkem/src/native/aarch64/README.md
liboqs/src/kem/ml_kem/mlkem-native_ml-kem-512_x86_64/mlkem/src/native/x86_64/README.md	237	vendored_liboqs	restored_in_archive	docs/archive/initial_commit/liboqs/src/kem/ml_kem/mlkem-native_ml-kem-512_x86_64/mlkem/src/native/x86_64/README.md
liboqs/src/kem/ml_kem/mlkem-native_ml-kem-768_aarch64/mlkem/src/native/aarch64/README.md	1211	vendored_liboqs	restored_in_archive	docs/archive/initial_commit/liboqs/src/kem/ml_kem/mlkem-native_ml-kem-768_aarch64/mlkem/src/native/aarch64/README.md
liboqs/src/kem/ml_kem/mlkem-native_ml-kem-768_x86_64/mlkem/src/native/x86_64/README.md	237	vendored_liboqs	restored_in_archive	docs/archive/initial_commit/liboqs/src/kem/ml_kem/mlkem-native_ml-kem-768_x86_64/mlkem/src/native/x86_64/README.md
liboqs/src/kem/ntruprime/CMakeLists.txt	3724	vendored_liboqs	present	docs/archive/initial_commit/liboqs/src/kem/ntruprime/CMakeLists.txt
liboqs/src/sig/cross/CMakeLists.txt	27400	vendored_liboqs	present	docs/archive/initial_commit/liboqs/src/sig/cross/CMakeLists.txt
liboqs/src/sig/dilithium/CMakeLists.txt	9394	vendored_liboqs	present	docs/archive/initial_commit/liboqs/src/sig/dilithium/CMakeLists.txt
liboqs/src/sig/falcon/CMakeLists.txt	10629	vendored_liboqs	present	docs/archive/initial_commit/liboqs/src/sig/falcon/CMakeLists.txt
liboqs/src/sig/mayo/CMakeLists.txt	8075	vendored_liboqs	present	docs/archive/initial_commit/liboqs/src/sig/mayo/CMakeLists.txt
liboqs/src/sig/ml_dsa/CMakeLists.txt	6574	vendored_liboqs	present	docs/archive/initial_commit/liboqs/src/sig/ml_dsa/CMakeLists.txt
liboqs/src/sig/snova/CMakeLists.txt	31622	vendored_liboqs	present	docs/archive/initial_commit/liboqs/src/sig/snova/CMakeLists.txt
liboqs/src/sig/sphincs/CMakeLists.txt	26996	vendored_liboqs	present	docs/archive/initial_commit/liboqs/src/sig/sphincs/CMakeLists.txt
liboqs/src/sig/uov/CMakeLists.txt	35310	vendored_liboqs	present	docs/archive/initial_commit/liboqs/src/sig/uov/CMakeLists.txt
liboqs/src/sig_stfl/lms/CMakeLists.txt	1191	vendored_liboqs	present	docs/archive/initial_commit/liboqs/src/sig_stfl/lms/CMakeLists.txt
liboqs/src/sig_stfl/lms/external/license.txt	1654	vendored_liboqs	present	docs/archive/initial_commit/liboqs/src/sig_stfl/lms/external/license.txt
liboqs/src/sig_stfl/xmss/CMakeLists.txt	13284	vendored_liboqs	present	docs/archive/initial_commit/liboqs/src/sig_stfl/xmss/CMakeLists.txt
liboqs/tests/CMakeLists.txt	9035	vendored_liboqs	present	docs/archive/initial_commit/liboqs/tests/CMakeLists.txt
liboqs/zephyr/CMakeLists.txt	8240	vendored_liboqs	present	docs/archive/initial_commit/liboqs/zephyr/CMakeLists.txt
liboqs/zephyr/README.md	2752	vendored_liboqs	restored_in_archive	docs/archive/initial_commit/liboqs/zephyr/README.md
liboqs/zephyr/samples/KEMs/CMakeLists.txt	262	vendored_liboqs	present	docs/archive/initial_commit/liboqs/zephyr/samples/KEMs/CMakeLists.txt
liboqs/zephyr/samples/Signatures/CMakeLists.txt	230	vendored_liboqs	present	docs/archive/initial_commit/liboqs/zephyr/samples/Signatures/CMakeLists.txt
mlkem_link/README.md	11754	project_module_docs	restored_in_archive	docs/archive/initial_commit/mlkem_link/README.md
requirements.txt	755	other_text	present	docs/archive/initial_commit/requirements.txt
