stem,status,shape_match,original_path,reconstruction_path,original_shape,reconstruction_shape,mse,rmse,mae,max_abs_diff,p95_abs_diff,psnr_db,ssim,pixel_equal_ratio
Places365_val_00000208,ok,True,E:\Main\Career\集创赛\jscc-test\smallTest\Places365_val_00000208.jpg,Semantic-Communication\session_bootstrap\reports\reconstruction_error_audit_tvm_current_300_20260714_153238\reconstructions\Places365_val_00000208_recon.png,256x256x3,256x256x3,438.5335998535156,20.941193849766915,15.494049072265625,164.0,43.0,21.710774868330304,0.8894490621232551,1.52587890625e-05
Places365_val_00000209,ok,True,E:\Main\Career\集创赛\jscc-test\smallTest\Places365_val_00000209.jpg,Semantic-Communication\session_bootstrap\reports\reconstruction_error_audit_tvm_current_300_20260714_153238\reconstructions\Places365_val_00000209_recon.png,256x256x3,256x256x3,276.5198974609375,16.628887439060303,12.176589965820312,116.0,35.0,23.713539737024924,0.9457151247561432,7.62939453125e-05
Places365_val_00000210,ok,True,E:\Main\Career\集创赛\jscc-test\smallTest\Places365_val_00000210.jpg,Semantic-Communication\session_bootstrap\reports\reconstruction_error_audit_tvm_current_300_20260714_153238\reconstructions\Places365_val_00000210_recon.png,256x256x3,256x256x3,370.7252502441406,19.254226815017542,13.96051025390625,165.0,41.0,22.44028193861174,0.9533399376240314,0.0
Places365_val_00000211,ok,True,E:\Main\Career\集创赛\jscc-test\smallTest\Places365_val_00000211.jpg,Semantic-Communication\session_bootstrap\reports\reconstruction_error_audit_tvm_current_300_20260714_153238\reconstructions\Places365_val_00000211_recon.png,256x256x3,256x256x3,340.8240966796875,18.46142184880914,12.79400634765625,143.0,40.0,22.80550068537726,0.9418875188703726,0.00018310546875
Places365_val_00000212,ok,True,E:\Main\Career\集创赛\jscc-test\smallTest\Places365_val_00000212.jpg,Semantic-Communication\session_bootstrap\reports\reconstruction_error_audit_tvm_current_300_20260714_153238\reconstructions\Places365_val_00000212_recon.png,256x256x3,256x256x3,236.43505859375,15.376444927022305,11.5916748046875,112.0,31.0,24.39368486692044,0.9731989451507025,0.00018310546875
Places365_val_00000213,ok,True,E:\Main\Career\集创赛\jscc-test\smallTest\Places365_val_00000213.jpg,Semantic-Communication\session_bootstrap\reports\reconstruction_error_audit_tvm_current_300_20260714_153238\reconstructions\Places365_val_00000213_recon.png,256x256x3,256x256x3,1101.892333984375,33.194763653088046,24.67891502380371,180.0,73.0,17.70941199238534,0.848376021786495,0.0
Places365_val_00000214,ok,True,E:\Main\Career\集创赛\jscc-test\smallTest\Places365_val_00000214.jpg,Semantic-Communication\session_bootstrap\reports\reconstruction_error_audit_tvm_current_300_20260714_153238\reconstructions\Places365_val_00000214_recon.png,256x256x3,256x256x3,885.8849487304688,29.763819458034426,22.353628158569336,146.0,64.0,18.657030378250386,0.7961489146225467,9.1552734375e-05
Places365_val_00000215,ok,True,E:\Main\Career\集创赛\jscc-test\smallTest\Places365_val_00000215.jpg,Semantic-Communication\session_bootstrap\reports\reconstruction_error_audit_tvm_current_300_20260714_153238\reconstructions\Places365_val_00000215_recon.png,256x256x3,256x256x3,427.215576171875,20.669193892647943,15.344696044921875,153.0,43.0,21.824332822917587,0.9589033623938665,1.52587890625e-05
Places365_val_00000216,ok,True,E:\Main\Career\集创赛\jscc-test\smallTest\Places365_val_00000216.jpg,Semantic-Communication\session_bootstrap\reports\reconstruction_error_audit_tvm_current_300_20260714_153238\reconstructions\Places365_val_00000216_recon.png,256x256x3,256x256x3,456.5316467285156,21.366601197394864,15.46051025390625,151.0,47.0,21.536094727036442,0.969865936104099,7.62939453125e-05
Places365_val_00000217,ok,True,E:\Main\Career\集创赛\jscc-test\smallTest\Places365_val_00000217.jpg,Semantic-Communication\session_bootstrap\reports\reconstruction_error_audit_tvm_current_300_20260714_153238\reconstructions\Places365_val_00000217_recon.png,256x256x3,256x256x3,388.6449279785156,19.714079435228914,14.021881103515625,155.0,41.0,22.235273565616833,0.9537889747399398,0.00152587890625
Places365_val_00000218,ok,True,E:\Main\Career\集创赛\jscc-test\smallTest\Places365_val_00000218.jpg,Semantic-Communication\session_bootstrap\reports\reconstruction_error_audit_tvm_current_300_20260714_153238\reconstructions\Places365_val_00000218_recon.png,256x256x3,256x256x3,601.3257446289062,24.52194414455971,16.306161880493164,186.0,54.0,20.339705631243106,0.893353414403328,0.0
Places365_val_00000219,ok,True,E:\Main\Career\集创赛\jscc-test\smallTest\Places365_val_00000219.jpg,Semantic-Communication\session_bootstrap\reports\reconstruction_error_audit_tvm_current_300_20260714_153238\reconstructions\Places365_val_00000219_recon.png,256x256x3,256x256x3,288.9393310546875,16.998215525598194,12.45543384552002,158.0,34.0,23.522736978835393,0.9598499472619603,4.57763671875e-05
Places365_val_00000220,ok,True,E:\Main\Career\集创赛\jscc-test\smallTest\Places365_val_00000220.jpg,Semantic-Communication\session_bootstrap\reports\reconstruction_error_audit_tvm_current_300_20260714_153238\reconstructions\Places365_val_00000220_recon.png,256x256x3,256x256x3,397.84033203125,19.94593522578598,14.94810962677002,156.0,41.0,22.133715521882834,0.9426631084661554,0.0001678466796875
Places365_val_00000221,ok,True,E:\Main\Career\集创赛\jscc-test\smallTest\Places365_val_00000221.jpg,Semantic-Communication\session_bootstrap\reports\reconstruction_error_audit_tvm_current_300_20260714_153238\reconstructions\Places365_val_00000221_recon.png,256x256x3,256x256x3,333.2090148925781,18.254013665289563,13.06562328338623,173.0,38.0,22.903636182377827,0.9527448543616606,6.103515625e-05
Places365_val_00000222,ok,True,E:\Main\Career\集创赛\jscc-test\smallTest\Places365_val_00000222.jpg,Semantic-Communication\session_bootstrap\reports\reconstruction_error_audit_tvm_current_300_20260714_153238\reconstructions\Places365_val_00000222_recon.png,256x256x3,256x256x3,227.6920166015625,15.089467074802958,10.435297966003418,129.0,33.0,24.557325573352028,0.9734843849246168,0.00543212890625
Places365_val_00000223,ok,True,E:\Main\Career\集创赛\jscc-test\smallTest\Places365_val_00000223.jpg,Semantic-Communication\session_bootstrap\reports\reconstruction_error_audit_tvm_current_300_20260714_153238\reconstructions\Places365_val_00000223_recon.png,256x256x3,256x256x3,415.8365783691406,20.392071458513982,15.723902702331543,130.0,41.0,21.941576722044196,0.9499156625306266,1.52587890625e-05
Places365_val_00000224,ok,True,E:\Main\Career\集创赛\jscc-test\smallTest\Places365_val_00000224.jpg,Semantic-Communication\session_bootstrap\reports\reconstruction_error_audit_tvm_current_300_20260714_153238\reconstructions\Places365_val_00000224_recon.png,256x256x3,256x256x3,395.9739685058594,19.899094665483137,15.894393920898438,109.0,39.0,22.154137247046744,0.9061379482843771,1.52587890625e-05
Places365_val_00000225,ok,True,E:\Main\Career\集创赛\jscc-test\smallTest\Places365_val_00000225.jpg,Semantic-Communication\session_bootstrap\reports\reconstruction_error_audit_tvm_current_300_20260714_153238\reconstructions\Places365_val_00000225_recon.png,256x256x3,256x256x3,405.5311279296875,20.137803453447635,15.595428466796875,148.0,39.0,22.050561652819027,0.9561291830020081,0.0027618408203125
Places365_val_00000226,ok,True,E:\Main\Career\集创赛\jscc-test\smallTest\Places365_val_00000226.jpg,Semantic-Communication\session_bootstrap\reports\reconstruction_error_audit_tvm_current_300_20260714_153238\reconstructions\Places365_val_00000226_recon.png,256x256x3,256x256x3,347.6885070800781,18.64640735048117,13.202804565429688,156.0,40.0,22.71890025646822,0.9626673294886231,0.0001068115234375
Places365_val_00000227,ok,True,E:\Main\Career\集创赛\jscc-test\smallTest\Places365_val_00000227.jpg,Semantic-Communication\session_bootstrap\reports\reconstruction_error_audit_tvm_current_300_20260714_153238\reconstructions\Places365_val_00000227_recon.png,256x256x3,256x256x3,308.9043273925781,17.575674308332474,13.067484855651855,158.0,33.0,23.23256368560134,0.9711563609707576,0.00042724609375
Places365_val_00000228,ok,True,E:\Main\Career\集创赛\jscc-test\smallTest\Places365_val_00000228.jpg,Semantic-Communication\session_bootstrap\reports\reconstruction_error_audit_tvm_current_300_20260714_153238\reconstructions\Places365_val_00000228_recon.png,256x256x3,256x256x3,418.0384826660156,20.44598940296154,14.954238891601562,151.0,42.0,21.918640981354002,0.9575038478679946,0.008148193359375
Places365_val_00000229,ok,True,E:\Main\Career\集创赛\jscc-test\smallTest\Places365_val_00000229.jpg,Semantic-Communication\session_bootstrap\reports\reconstruction_error_audit_tvm_current_300_20260714_153238\reconstructions\Places365_val_00000229_recon.png,256x256x3,256x256x3,288.1739501953125,16.97568703161414,12.29902172088623,132.0,36.0,23.534256411482797,0.9461380227503836,0.0
Places365_val_00000230,ok,True,E:\Main\Career\集创赛\jscc-test\smallTest\Places365_val_00000230.jpg,Semantic-Communication\session_bootstrap\reports\reconstruction_error_audit_tvm_current_300_20260714_153238\reconstructions\Places365_val_00000230_recon.png,256x256x3,256x256x3,239.2244415283203,15.466882088136584,11.251729011535645,124.0,31.0,24.342748114771098,0.9793355862366137,0.0001220703125
Places365_val_00000231,ok,True,E:\Main\Career\集创赛\jscc-test\smallTest\Places365_val_00000231.jpg,Semantic-Communication\session_bootstrap\reports\reconstruction_error_audit_tvm_current_300_20260714_153238\reconstructions\Places365_val_00000231_recon.png,256x256x3,256x256x3,273.0085144042969,16.5229692974446,11.208918571472168,127.0,37.0,23.76904169134331,0.9591938567875252,4.57763671875e-05
Places365_val_00000232,ok,True,E:\Main\Career\集创赛\jscc-test\smallTest\Places365_val_00000232.jpg,Semantic-Communication\session_bootstrap\reports\reconstruction_error_audit_tvm_current_300_20260714_153238\reconstructions\Places365_val_00000232_recon.png,256x256x3,256x256x3,276.4505920410156,16.626803422216057,11.32335376739502,133.0,35.0,23.714628365158507,0.9733976380258079,0.0005645751953125
Places365_val_00000233,ok,True,E:\Main\Career\集创赛\jscc-test\smallTest\Places365_val_00000233.jpg,Semantic-Communication\session_bootstrap\reports\reconstruction_error_audit_tvm_current_300_20260714_153238\reconstructions\Places365_val_00000233_recon.png,256x256x3,256x256x3,728.6845092773438,26.994156946964353,19.834487915039062,177.0,57.0,19.505408236841056,0.8804420632817825,1.52587890625e-05
Places365_val_00000234,ok,True,E:\Main\Career\集创赛\jscc-test\smallTest\Places365_val_00000234.jpg,Semantic-Communication\session_bootstrap\reports\reconstruction_error_audit_tvm_current_300_20260714_153238\reconstructions\Places365_val_00000234_recon.png,256x256x3,256x256x3,516.1993408203125,22.720020704662936,18.5732479095459,140.0,44.0,21.002629152479788,0.9364399526425393,0.0
Places365_val_00000235,ok,True,E:\Main\Career\集创赛\jscc-test\smallTest\Places365_val_00000235.jpg,Semantic-Communication\session_bootstrap\reports\reconstruction_error_audit_tvm_current_300_20260714_153238\reconstructions\Places365_val_00000235_recon.png,256x256x3,256x256x3,486.3384704589844,22.053083014830023,15.84660816192627,180.0,46.0,21.261417362776577,0.9564592470926995,7.62939453125e-05
Places365_val_00000236,ok,True,E:\Main\Career\集创赛\jscc-test\smallTest\Places365_val_00000236.jpg,Semantic-Communication\session_bootstrap\reports\reconstruction_error_audit_tvm_current_300_20260714_153238\reconstructions\Places365_val_00000236_recon.png,256x256x3,256x256x3,629.5984497070312,25.091800447696677,18.157052993774414,170.0,55.0,20.140167109014488,0.8967618042359383,4.57763671875e-05
Places365_val_00000237,ok,True,E:\Main\Career\集创赛\jscc-test\smallTest\Places365_val_00000237.jpg,Semantic-Communication\session_bootstrap\reports\reconstruction_error_audit_tvm_current_300_20260714_153238\reconstructions\Places365_val_00000237_recon.png,256x256x3,256x256x3,519.936767578125,22.80212199726431,15.337661743164062,176.0,50.0,20.971298310056167,0.9505480850024401,0.0006103515625
Places365_val_00000238,ok,True,E:\Main\Career\集创赛\jscc-test\smallTest\Places365_val_00000238.jpg,Semantic-Communication\session_bootstrap\reports\reconstruction_error_audit_tvm_current_300_20260714_153238\reconstructions\Places365_val_00000238_recon.png,256x256x3,256x256x3,867.2850952148438,29.4497045013162,23.39693260192871,141.0,60.0,18.749184780098954,0.8607431440626995,0.0
Places365_val_00000239,ok,True,E:\Main\Career\集创赛\jscc-test\smallTest\Places365_val_00000239.jpg,Semantic-Communication\session_bootstrap\reports\reconstruction_error_audit_tvm_current_300_20260714_153238\reconstructions\Places365_val_00000239_recon.png,256x256x3,256x256x3,472.29541015625,21.73235859625572,14.549591064453125,207.0,48.0,21.3886663581524,0.9570893614672619,0.0
Places365_val_00000240,ok,True,E:\Main\Career\集创赛\jscc-test\smallTest\Places365_val_00000240.jpg,Semantic-Communication\session_bootstrap\reports\reconstruction_error_audit_tvm_current_300_20260714_153238\reconstructions\Places365_val_00000240_recon.png,256x256x3,256x256x3,306.4621276855469,17.5060597418593,12.2540283203125,136.0,37.0,23.267035484194807,0.9486786395699579,9.1552734375e-05
Places365_val_00000241,ok,True,E:\Main\Career\集创赛\jscc-test\smallTest\Places365_val_00000241.jpg,Semantic-Communication\session_bootstrap\reports\reconstruction_error_audit_tvm_current_300_20260714_153238\reconstructions\Places365_val_00000241_recon.png,256x256x3,256x256x3,793.8864135742188,28.1759900194158,19.05069923400879,185.0,64.0,19.13321991295656,0.92165582144001,0.0005340576171875
Places365_val_00000242,ok,True,E:\Main\Career\集创赛\jscc-test\smallTest\Places365_val_00000242.jpg,Semantic-Communication\session_bootstrap\reports\reconstruction_error_audit_tvm_current_300_20260714_153238\reconstructions\Places365_val_00000242_recon.png,256x256x3,256x256x3,640.1985473632812,25.302145113868928,19.45172691345215,181.0,52.0,20.067656764906417,0.9191091147602237,3.0517578125e-05
Places365_val_00000243,ok,True,E:\Main\Career\集创赛\jscc-test\smallTest\Places365_val_00000243.jpg,Semantic-Communication\session_bootstrap\reports\reconstruction_error_audit_tvm_current_300_20260714_153238\reconstructions\Places365_val_00000243_recon.png,256x256x3,256x256x3,365.4132385253906,19.115785061707264,14.909942626953125,128.0,37.0,22.502960835482256,0.9016455462920111,0.0
Places365_val_00000244,ok,True,E:\Main\Career\集创赛\jscc-test\smallTest\Places365_val_00000244.jpg,Semantic-Communication\session_bootstrap\reports\reconstruction_error_audit_tvm_current_300_20260714_153238\reconstructions\Places365_val_00000244_recon.png,256x256x3,256x256x3,272.9509582519531,16.52122750439425,12.839015007019043,163.0,31.0,23.769957375408048,0.9656830993138251,1.52587890625e-05
Places365_val_00000245,ok,True,E:\Main\Career\集创赛\jscc-test\smallTest\Places365_val_00000245.jpg,Semantic-Communication\session_bootstrap\reports\reconstruction_error_audit_tvm_current_300_20260714_153238\reconstructions\Places365_val_00000245_recon.png,256x256x3,256x256x3,372.92529296875,19.311273727249326,14.222681999206543,140.0,40.0,22.414585212871188,0.9597437262882774,7.62939453125e-05
Places365_val_00000246,ok,True,E:\Main\Career\集创赛\jscc-test\smallTest\Places365_val_00000246.jpg,Semantic-Communication\session_bootstrap\reports\reconstruction_error_audit_tvm_current_300_20260714_153238\reconstructions\Places365_val_00000246_recon.png,256x256x3,256x256x3,354.8826599121094,18.838329541445795,11.838150024414062,174.0,41.0,22.62995581268033,0.9576146721727868,0.0003204345703125
Places365_val_00000247,ok,True,E:\Main\Career\集创赛\jscc-test\smallTest\Places365_val_00000247.jpg,Semantic-Communication\session_bootstrap\reports\reconstruction_error_audit_tvm_current_300_20260714_153238\reconstructions\Places365_val_00000247_recon.png,256x256x3,256x256x3,243.8276824951172,15.614982628716472,10.912907600402832,140.0,33.0,24.25997350018764,0.9733254277038548,0.0001220703125
Places365_val_00000248,ok,True,E:\Main\Career\集创赛\jscc-test\smallTest\Places365_val_00000248.jpg,Semantic-Communication\session_bootstrap\reports\reconstruction_error_audit_tvm_current_300_20260714_153238\reconstructions\Places365_val_00000248_recon.png,256x256x3,256x256x3,355.4847106933594,18.85430217996305,14.244038581848145,122.0,39.0,22.622594342952272,0.9574609761296555,4.57763671875e-05
Places365_val_00000249,ok,True,E:\Main\Career\集创赛\jscc-test\smallTest\Places365_val_00000249.jpg,Semantic-Communication\session_bootstrap\reports\reconstruction_error_audit_tvm_current_300_20260714_153238\reconstructions\Places365_val_00000249_recon.png,256x256x3,256x256x3,180.9635467529297,13.45226920459629,10.812779426574707,136.0,24.0,25.554892613494655,0.9885585279604853,1.52587890625e-05
Places365_val_00000250,ok,True,E:\Main\Career\集创赛\jscc-test\smallTest\Places365_val_00000250.jpg,Semantic-Communication\session_bootstrap\reports\reconstruction_error_audit_tvm_current_300_20260714_153238\reconstructions\Places365_val_00000250_recon.png,256x256x3,256x256x3,743.2998657226562,27.26352628921388,19.81842041015625,185.0,58.0,19.419163065203822,0.9140037899286693,3.0517578125e-05
Places365_val_00000251,ok,True,E:\Main\Career\集创赛\jscc-test\smallTest\Places365_val_00000251.jpg,Semantic-Communication\session_bootstrap\reports\reconstruction_error_audit_tvm_current_300_20260714_153238\reconstructions\Places365_val_00000251_recon.png,256x256x3,256x256x3,362.8070983886719,19.047495856113787,15.471837043762207,122.0,37.0,22.534045853440404,0.9475616885979149,3.0517578125e-05
Places365_val_00000252,ok,True,E:\Main\Career\集创赛\jscc-test\smallTest\Places365_val_00000252.jpg,Semantic-Communication\session_bootstrap\reports\reconstruction_error_audit_tvm_current_300_20260714_153238\reconstructions\Places365_val_00000252_recon.png,256x256x3,256x256x3,514.9099731445312,22.691627820509733,16.1469669342041,185.0,48.0,21.01349057233157,0.9103958133799597,3.0517578125e-05
Places365_val_00000253,ok,True,E:\Main\Career\集创赛\jscc-test\smallTest\Places365_val_00000253.jpg,Semantic-Communication\session_bootstrap\reports\reconstruction_error_audit_tvm_current_300_20260714_153238\reconstructions\Places365_val_00000253_recon.png,256x256x3,256x256x3,225.8902130126953,15.029644473928693,9.89056396484375,156.0,31.0,24.591829459132725,0.9760117408141481,0.000274658203125
Places365_val_00000254,ok,True,E:\Main\Career\集创赛\jscc-test\smallTest\Places365_val_00000254.jpg,Semantic-Communication\session_bootstrap\reports\reconstruction_error_audit_tvm_current_300_20260714_153238\reconstructions\Places365_val_00000254_recon.png,256x256x3,256x256x3,251.1875762939453,15.848898267512014,11.468399047851562,121.0,33.0,24.130822054222328,0.9650125078173086,0.0001068115234375
Places365_val_00000255,ok,True,E:\Main\Career\集创赛\jscc-test\smallTest\Places365_val_00000255.jpg,Semantic-Communication\session_bootstrap\reports\reconstruction_error_audit_tvm_current_300_20260714_153238\reconstructions\Places365_val_00000255_recon.png,256x256x3,256x256x3,183.7174072265625,13.554239455851535,9.78680419921875,100.0,28.0,25.489300532050986,0.9833481057209729,0.0002899169921875
Places365_val_00000256,ok,True,E:\Main\Career\集创赛\jscc-test\smallTest\Places365_val_00000256.jpg,Semantic-Communication\session_bootstrap\reports\reconstruction_error_audit_tvm_current_300_20260714_153238\reconstructions\Places365_val_00000256_recon.png,256x256x3,256x256x3,332.42431640625,18.232507134408312,13.948369026184082,102.0,37.0,22.91387576517564,0.9629615905088094,9.1552734375e-05
Places365_val_00000257,ok,True,E:\Main\Career\集创赛\jscc-test\smallTest\Places365_val_00000257.jpg,Semantic-Communication\session_bootstrap\reports\reconstruction_error_audit_tvm_current_300_20260714_153238\reconstructions\Places365_val_00000257_recon.png,256x256x3,256x256x3,388.9580078125,19.722018350374285,14.548919677734375,143.0,41.0,22.231776437574144,0.8930043599472922,1.52587890625e-05
Places365_val_00000258,ok,True,E:\Main\Career\集创赛\jscc-test\smallTest\Places365_val_00000258.jpg,Semantic-Communication\session_bootstrap\reports\reconstruction_error_audit_tvm_current_300_20260714_153238\reconstructions\Places365_val_00000258_recon.png,256x256x3,256x256x3,659.6934204101562,25.68449766707841,19.565332412719727,183.0,53.0,19.93738208292402,0.9047369808800205,0.0
Places365_val_00000259,ok,True,E:\Main\Career\集创赛\jscc-test\smallTest\Places365_val_00000259.jpg,Semantic-Communication\session_bootstrap\reports\reconstruction_error_audit_tvm_current_300_20260714_153238\reconstructions\Places365_val_00000259_recon.png,256x256x3,256x256x3,419.245361328125,20.475481955942453,15.630085945129395,159.0,40.0,21.90612094743617,0.925966168389516,6.103515625e-05
Places365_val_00000260,ok,True,E:\Main\Career\集创赛\jscc-test\smallTest\Places365_val_00000260.jpg,Semantic-Communication\session_bootstrap\reports\reconstruction_error_audit_tvm_current_300_20260714_153238\reconstructions\Places365_val_00000260_recon.png,256x256x3,256x256x3,808.8137817382812,28.439651575542925,25.540380477905273,121.0,46.0,19.05231818084801,0.9218361351520746,0.0
Places365_val_00000261,ok,True,E:\Main\Career\集创赛\jscc-test\smallTest\Places365_val_00000261.jpg,Semantic-Communication\session_bootstrap\reports\reconstruction_error_audit_tvm_current_300_20260714_153238\reconstructions\Places365_val_00000261_recon.png,256x256x3,256x256x3,748.6484375,27.361440705854655,21.8138370513916,144.0,52.0,19.38802438358764,0.9152442424676465,0.0
Places365_val_00000262,ok,True,E:\Main\Career\集创赛\jscc-test\smallTest\Places365_val_00000262.jpg,Semantic-Communication\session_bootstrap\reports\reconstruction_error_audit_tvm_current_300_20260714_153238\reconstructions\Places365_val_00000262_recon.png,256x256x3,256x256x3,747.1630859375,27.33428407581768,20.558908462524414,184.0,57.0,19.396649537080613,0.921027345842732,1.52587890625e-05
Places365_val_00000263,ok,True,E:\Main\Career\集创赛\jscc-test\smallTest\Places365_val_00000263.jpg,Semantic-Communication\session_bootstrap\reports\reconstruction_error_audit_tvm_current_300_20260714_153238\reconstructions\Places365_val_00000263_recon.png,256x256x3,256x256x3,569.209716796875,23.858116371517575,18.38666343688965,158.0,48.0,20.57808055690299,0.9051257796249121,7.62939453125e-05
Places365_val_00000264,ok,True,E:\Main\Career\集创赛\jscc-test\smallTest\Places365_val_00000264.jpg,Semantic-Communication\session_bootstrap\reports\reconstruction_error_audit_tvm_current_300_20260714_153238\reconstructions\Places365_val_00000264_recon.png,256x256x3,256x256x3,303.511474609375,17.4215807150033,12.678054809570312,125.0,37.0,23.30905246130995,0.9727515164725804,4.57763671875e-05
Places365_val_00000265,ok,True,E:\Main\Career\集创赛\jscc-test\smallTest\Places365_val_00000265.jpg,Semantic-Communication\session_bootstrap\reports\reconstruction_error_audit_tvm_current_300_20260714_153238\reconstructions\Places365_val_00000265_recon.png,256x256x3,256x256x3,715.5997924804688,26.750697046627938,19.4796199798584,192.0,57.0,19.584101549152805,0.9064433317786009,0.000885009765625
Places365_val_00000266,ok,True,E:\Main\Career\集创赛\jscc-test\smallTest\Places365_val_00000266.jpg,Semantic-Communication\session_bootstrap\reports\reconstruction_error_audit_tvm_current_300_20260714_153238\reconstructions\Places365_val_00000266_recon.png,256x256x3,256x256x3,237.79345703125,15.42055307150979,11.116531372070312,119.0,33.0,24.36880460182868,0.9750732395392155,0.000244140625
Places365_val_00000267,ok,True,E:\Main\Career\集创赛\jscc-test\smallTest\Places365_val_00000267.jpg,Semantic-Communication\session_bootstrap\reports\reconstruction_error_audit_tvm_current_300_20260714_153238\reconstructions\Places365_val_00000267_recon.png,256x256x3,256x256x3,600.2388305664062,24.49977205131522,17.654794692993164,146.0,53.0,20.347562735524367,0.9294359763299906,0.0017242431640625
Places365_val_00000268,ok,True,E:\Main\Career\集创赛\jscc-test\smallTest\Places365_val_00000268.jpg,Semantic-Communication\session_bootstrap\reports\reconstruction_error_audit_tvm_current_300_20260714_153238\reconstructions\Places365_val_00000268_recon.png,256x256x3,256x256x3,381.916748046875,19.542690399401895,15.050369262695312,155.0,39.0,22.311116571296925,0.8984301357819559,3.0517578125e-05
Places365_val_00000269,ok,True,E:\Main\Career\集创赛\jscc-test\smallTest\Places365_val_00000269.jpg,Semantic-Communication\session_bootstrap\reports\reconstruction_error_audit_tvm_current_300_20260714_153238\reconstructions\Places365_val_00000269_recon.png,256x256x3,256x256x3,396.9656066894531,19.92399575109002,14.924036979675293,147.0,41.0,22.14327479978935,0.9255147837706795,1.52587890625e-05
Places365_val_00000270,ok,True,E:\Main\Career\集创赛\jscc-test\smallTest\Places365_val_00000270.jpg,Semantic-Communication\session_bootstrap\reports\reconstruction_error_audit_tvm_current_300_20260714_153238\reconstructions\Places365_val_00000270_recon.png,256x256x3,256x256x3,374.032958984375,19.339931721295578,14.180760383605957,163.0,40.0,22.40170487880346,0.949587926831664,0.0
Places365_val_00000271,ok,True,E:\Main\Career\集创赛\jscc-test\smallTest\Places365_val_00000271.jpg,Semantic-Communication\session_bootstrap\reports\reconstruction_error_audit_tvm_current_300_20260714_153238\reconstructions\Places365_val_00000271_recon.png,256x256x3,256x256x3,893.008056640625,29.88324039726323,22.929895401000977,145.0,62.0,18.622249837948367,0.7564105553602501,3.0517578125e-05
Places365_val_00000272,ok,True,E:\Main\Career\集创赛\jscc-test\smallTest\Places365_val_00000272.jpg,Semantic-Communication\session_bootstrap\reports\reconstruction_error_audit_tvm_current_300_20260714_153238\reconstructions\Places365_val_00000272_recon.png,256x256x3,256x256x3,597.78564453125,24.449655304957776,19.293792724609375,213.0,48.0,20.36534879364584,0.9365183394450929,4.57763671875e-05
Places365_val_00000273,ok,True,E:\Main\Career\集创赛\jscc-test\smallTest\Places365_val_00000273.jpg,Semantic-Communication\session_bootstrap\reports\reconstruction_error_audit_tvm_current_300_20260714_153238\reconstructions\Places365_val_00000273_recon.png,256x256x3,256x256x3,297.7502136230469,17.25544011675874,11.147374153137207,130.0,40.0,23.392282791252626,0.942029334287384,4.57763671875e-05
Places365_val_00000274,ok,True,E:\Main\Career\集创赛\jscc-test\smallTest\Places365_val_00000274.jpg,Semantic-Communication\session_bootstrap\reports\reconstruction_error_audit_tvm_current_300_20260714_153238\reconstructions\Places365_val_00000274_recon.png,256x256x3,256x256x3,531.5958862304688,23.056363248146244,16.6227970123291,146.0,49.0,20.874987493841235,0.9106712214594183,4.57763671875e-05
Places365_val_00000275,ok,True,E:\Main\Career\集创赛\jscc-test\smallTest\Places365_val_00000275.jpg,Semantic-Communication\session_bootstrap\reports\reconstruction_error_audit_tvm_current_300_20260714_153238\reconstructions\Places365_val_00000275_recon.png,256x256x3,256x256x3,1348.6514892578125,36.72399064995269,31.916101455688477,211.0,58.0,16.831806245739465,0.7807646532472226,0.0
Places365_val_00000276,ok,True,E:\Main\Career\集创赛\jscc-test\smallTest\Places365_val_00000276.jpg,Semantic-Communication\session_bootstrap\reports\reconstruction_error_audit_tvm_current_300_20260714_153238\reconstructions\Places365_val_00000276_recon.png,256x256x3,256x256x3,293.9056091308594,17.14367548487953,11.049545288085938,166.0,37.0,23.448724862912655,0.9654437194545659,0.000213623046875
Places365_val_00000277,ok,True,E:\Main\Career\集创赛\jscc-test\smallTest\Places365_val_00000277.jpg,Semantic-Communication\session_bootstrap\reports\reconstruction_error_audit_tvm_current_300_20260714_153238\reconstructions\Places365_val_00000277_recon.png,256x256x3,256x256x3,537.7702026367188,23.18987284649743,20.12709617614746,120.0,39.0,20.824836261806304,0.962672410598321,3.0517578125e-05
Places365_val_00000278,ok,True,E:\Main\Career\集创赛\jscc-test\smallTest\Places365_val_00000278.jpg,Semantic-Communication\session_bootstrap\reports\reconstruction_error_audit_tvm_current_300_20260714_153238\reconstructions\Places365_val_00000278_recon.png,256x256x3,256x256x3,317.9963073730469,17.832450963707903,12.95185375213623,149.0,37.0,23.106582839552406,0.8676872107433287,0.0
Places365_val_00000279,ok,True,E:\Main\Career\集创赛\jscc-test\smallTest\Places365_val_00000279.jpg,Semantic-Communication\session_bootstrap\reports\reconstruction_error_audit_tvm_current_300_20260714_153238\reconstructions\Places365_val_00000279_recon.png,256x256x3,256x256x3,920.0259399414062,30.331929380463194,22.252965927124023,184.0,64.0,18.49280288506489,0.744521555390785,1.52587890625e-05
Places365_val_00000280,ok,True,E:\Main\Career\集创赛\jscc-test\smallTest\Places365_val_00000280.jpg,Semantic-Communication\session_bootstrap\reports\reconstruction_error_audit_tvm_current_300_20260714_153238\reconstructions\Places365_val_00000280_recon.png,256x256x3,256x256x3,420.9540710449219,20.51716527800373,15.8544921875,119.0,41.0,21.888456469321717,0.8305935923474683,3.0517578125e-05
Places365_val_00000281,ok,True,E:\Main\Career\集创赛\jscc-test\smallTest\Places365_val_00000281.jpg,Semantic-Communication\session_bootstrap\reports\reconstruction_error_audit_tvm_current_300_20260714_153238\reconstructions\Places365_val_00000281_recon.png,256x256x3,256x256x3,649.6323852539062,25.48788702999733,20.181915283203125,125.0,50.0,20.00412693793527,0.9170344453222314,7.62939453125e-05
Places365_val_00000282,ok,True,E:\Main\Career\集创赛\jscc-test\smallTest\Places365_val_00000282.jpg,Semantic-Communication\session_bootstrap\reports\reconstruction_error_audit_tvm_current_300_20260714_153238\reconstructions\Places365_val_00000282_recon.png,256x256x3,256x256x3,489.4827575683594,22.12425722071499,18.294885635375977,105.0,40.0,21.233429628386723,0.9456644916484965,0.0
Places365_val_00000283,ok,True,E:\Main\Career\集创赛\jscc-test\smallTest\Places365_val_00000283.jpg,Semantic-Communication\session_bootstrap\reports\reconstruction_error_audit_tvm_current_300_20260714_153238\reconstructions\Places365_val_00000283_recon.png,256x256x3,256x256x3,322.1305847167969,17.947996676977542,13.42474365234375,127.0,36.0,23.050483999626913,0.8973133261188938,3.0517578125e-05
Places365_val_00000284,ok,True,E:\Main\Career\集创赛\jscc-test\smallTest\Places365_val_00000284.jpg,Semantic-Communication\session_bootstrap\reports\reconstruction_error_audit_tvm_current_300_20260714_153238\reconstructions\Places365_val_00000284_recon.png,256x256x3,256x256x3,393.6104431152344,19.83961801838015,16.87640953063965,91.0,36.0,22.180137484278287,0.9397789499642889,0.0
Places365_val_00000285,ok,True,E:\Main\Career\集创赛\jscc-test\smallTest\Places365_val_00000285.jpg,Semantic-Communication\session_bootstrap\reports\reconstruction_error_audit_tvm_current_300_20260714_153238\reconstructions\Places365_val_00000285_recon.png,256x256x3,256x256x3,867.3634643554688,29.4510350302917,22.420684814453125,180.0,60.0,18.748792363027952,0.8267654514923258,1.52587890625e-05
Places365_val_00000286,ok,True,E:\Main\Career\集创赛\jscc-test\smallTest\Places365_val_00000286.jpg,Semantic-Communication\session_bootstrap\reports\reconstruction_error_audit_tvm_current_300_20260714_153238\reconstructions\Places365_val_00000286_recon.png,256x256x3,256x256x3,231.4078826904297,15.212096590885482,10.21619701385498,135.0,32.0,24.487022121698637,0.9744836593015925,0.0001068115234375
Places365_val_00000287,ok,True,E:\Main\Career\集创赛\jscc-test\smallTest\Places365_val_00000287.jpg,Semantic-Communication\session_bootstrap\reports\reconstruction_error_audit_tvm_current_300_20260714_153238\reconstructions\Places365_val_00000287_recon.png,256x256x3,256x256x3,360.59375,18.98930620112278,15.610346794128418,118.0,35.0,22.560621658360333,0.9400080886062439,0.0001220703125
Places365_val_00000288,ok,True,E:\Main\Career\集创赛\jscc-test\smallTest\Places365_val_00000288.jpg,Semantic-Communication\session_bootstrap\reports\reconstruction_error_audit_tvm_current_300_20260714_153238\reconstructions\Places365_val_00000288_recon.png,256x256x3,256x256x3,68.83455657958984,8.296659362634449,5.305516719818115,128.0,15.0,29.75273841759141,0.9623586745282195,0.0002899169921875
Places365_val_00000289,ok,True,E:\Main\Career\集创赛\jscc-test\smallTest\Places365_val_00000289.jpg,Semantic-Communication\session_bootstrap\reports\reconstruction_error_audit_tvm_current_300_20260714_153238\reconstructions\Places365_val_00000289_recon.png,256x256x3,256x256x3,1069.8634033203125,32.70876645977822,27.589645385742188,153.0,56.0,17.837520289501484,0.9226541711289312,0.0
Places365_val_00000290,ok,True,E:\Main\Career\集创赛\jscc-test\smallTest\Places365_val_00000290.jpg,Semantic-Communication\session_bootstrap\reports\reconstruction_error_audit_tvm_current_300_20260714_153238\reconstructions\Places365_val_00000290_recon.png,256x256x3,256x256x3,490.7677307128906,22.153278103090987,17.529077529907227,113.0,43.0,21.222043618945605,0.9175394101669537,4.57763671875e-05
Places365_val_00000291,ok,True,E:\Main\Career\集创赛\jscc-test\smallTest\Places365_val_00000291.jpg,Semantic-Communication\session_bootstrap\reports\reconstruction_error_audit_tvm_current_300_20260714_153238\reconstructions\Places365_val_00000291_recon.png,256x256x3,256x256x3,257.4054260253906,16.043859449190855,11.926101684570312,129.0,33.0,24.02462663412019,0.9445084968201676,0.000152587890625
Places365_val_00000292,ok,True,E:\Main\Career\集创赛\jscc-test\smallTest\Places365_val_00000292.jpg,Semantic-Communication\session_bootstrap\reports\reconstruction_error_audit_tvm_current_300_20260714_153238\reconstructions\Places365_val_00000292_recon.png,256x256x3,256x256x3,500.0068359375,22.360832630684843,16.342742919921875,153.0,47.0,21.141044189526102,0.9267840854873329,0.0001373291015625
Places365_val_00000293,ok,True,E:\Main\Career\集创赛\jscc-test\smallTest\Places365_val_00000293.jpg,Semantic-Communication\session_bootstrap\reports\reconstruction_error_audit_tvm_current_300_20260714_153238\reconstructions\Places365_val_00000293_recon.png,256x256x3,256x256x3,794.5925903320312,28.18851876796706,23.169164657592773,167.0,51.0,19.129358499760464,0.9429902431944124,1.52587890625e-05
Places365_val_00000294,ok,True,E:\Main\Career\集创赛\jscc-test\smallTest\Places365_val_00000294.jpg,Semantic-Communication\session_bootstrap\reports\reconstruction_error_audit_tvm_current_300_20260714_153238\reconstructions\Places365_val_00000294_recon.png,256x256x3,256x256x3,374.2592468261719,19.345781111812773,12.552642822265625,190.0,41.0,22.399078216030638,0.9699745187982178,0.000274658203125
Places365_val_00000295,ok,True,E:\Main\Career\集创赛\jscc-test\smallTest\Places365_val_00000295.jpg,Semantic-Communication\session_bootstrap\reports\reconstruction_error_audit_tvm_current_300_20260714_153238\reconstructions\Places365_val_00000295_recon.png,256x256x3,256x256x3,313.4696960449219,17.705075431777235,12.006759643554688,143.0,38.0,23.168847980826634,0.9801045811916114,0.0019989013671875
Places365_val_00000296,ok,True,E:\Main\Career\集创赛\jscc-test\smallTest\Places365_val_00000296.jpg,Semantic-Communication\session_bootstrap\reports\reconstruction_error_audit_tvm_current_300_20260714_153238\reconstructions\Places365_val_00000296_recon.png,256x256x3,256x256x3,571.0789794921875,23.897258827995053,17.473825454711914,168.0,50.0,20.563841860972225,0.9390854067429224,0.000274658203125
Places365_val_00000297,ok,True,E:\Main\Career\集创赛\jscc-test\smallTest\Places365_val_00000297.jpg,Semantic-Communication\session_bootstrap\reports\reconstruction_error_audit_tvm_current_300_20260714_153238\reconstructions\Places365_val_00000297_recon.png,256x256x3,256x256x3,457.778564453125,21.395760431756685,14.977508544921875,178.0,47.0,21.524249079546298,0.9314722628410477,0.0001068115234375
Places365_val_00000298,ok,True,E:\Main\Career\集创赛\jscc-test\smallTest\Places365_val_00000298.jpg,Semantic-Communication\session_bootstrap\reports\reconstruction_error_audit_tvm_current_300_20260714_153238\reconstructions\Places365_val_00000298_recon.png,256x256x3,256x256x3,400.1628723144531,20.004071393455213,12.964645385742188,148.0,46.0,22.108435691638093,0.9104902322263861,3.0517578125e-05
Places365_val_00000299,ok,True,E:\Main\Career\集创赛\jscc-test\smallTest\Places365_val_00000299.jpg,Semantic-Communication\session_bootstrap\reports\reconstruction_error_audit_tvm_current_300_20260714_153238\reconstructions\Places365_val_00000299_recon.png,256x256x3,256x256x3,522.7582397460938,22.863906922179634,16.251266479492188,174.0,50.0,20.947794739491073,0.9344097720487439,0.0001220703125
Places365_val_00000300,ok,True,E:\Main\Career\集创赛\jscc-test\smallTest\Places365_val_00000300.jpg,Semantic-Communication\session_bootstrap\reports\reconstruction_error_audit_tvm_current_300_20260714_153238\reconstructions\Places365_val_00000300_recon.png,256x256x3,256x256x3,371.6299743652344,19.277706667683123,13.426544189453125,127.0,42.0,22.42969625469813,0.9387513183023815,0.0
Places365_val_00000301,ok,True,E:\Main\Career\集创赛\jscc-test\smallTest\Places365_val_00000301.jpg,Semantic-Communication\session_bootstrap\reports\reconstruction_error_audit_tvm_current_300_20260714_153238\reconstructions\Places365_val_00000301_recon.png,256x256x3,256x256x3,567.3374633789062,23.81884681043367,18.591461181640625,167.0,46.0,20.592388982946904,0.9398348233200959,1.52587890625e-05
Places365_val_00000302,ok,True,E:\Main\Career\集创赛\jscc-test\smallTest\Places365_val_00000302.jpg,Semantic-Communication\session_bootstrap\reports\reconstruction_error_audit_tvm_current_300_20260714_153238\reconstructions\Places365_val_00000302_recon.png,256x256x3,256x256x3,877.1062622070312,29.615979845465713,21.38350486755371,180.0,62.0,18.700281491500636,0.8220136291955513,4.57763671875e-05
Places365_val_00000303,ok,True,E:\Main\Career\集创赛\jscc-test\smallTest\Places365_val_00000303.jpg,Semantic-Communication\session_bootstrap\reports\reconstruction_error_audit_tvm_current_300_20260714_153238\reconstructions\Places365_val_00000303_recon.png,256x256x3,256x256x3,395.9613342285156,19.89877720435393,13.201736450195312,154.0,45.0,22.154275818895098,0.9318547534451218,0.0001678466796875
Places365_val_00000304,ok,True,E:\Main\Career\集创赛\jscc-test\smallTest\Places365_val_00000304.jpg,Semantic-Communication\session_bootstrap\reports\reconstruction_error_audit_tvm_current_300_20260714_153238\reconstructions\Places365_val_00000304_recon.png,256x256x3,256x256x3,393.4233093261719,19.83490129358278,13.85142993927002,156.0,42.0,22.182202736835677,0.9390713364268276,0.0002899169921875
Places365_val_00000305,ok,True,E:\Main\Career\集创赛\jscc-test\smallTest\Places365_val_00000305.jpg,Semantic-Communication\session_bootstrap\reports\reconstruction_error_audit_tvm_current_300_20260714_153238\reconstructions\Places365_val_00000305_recon.png,256x256x3,256x256x3,596.4450073242188,24.422223635947216,17.665475845336914,184.0,51.0,20.375099532917574,0.8345986176849045,3.0517578125e-05
Places365_val_00000306,ok,True,E:\Main\Career\集创赛\jscc-test\smallTest\Places365_val_00000306.jpg,Semantic-Communication\session_bootstrap\reports\reconstruction_error_audit_tvm_current_300_20260714_153238\reconstructions\Places365_val_00000306_recon.png,256x256x3,256x256x3,482.227783203125,21.95968540765384,16.264551162719727,159.0,44.0,21.298281325448276,0.8726059331706427,4.57763671875e-05
Places365_val_00000307,ok,True,E:\Main\Career\集创赛\jscc-test\smallTest\Places365_val_00000307.jpg,Semantic-Communication\session_bootstrap\reports\reconstruction_error_audit_tvm_current_300_20260714_153238\reconstructions\Places365_val_00000307_recon.png,256x256x3,256x256x3,358.3194274902344,18.929327180072576,13.222804069519043,137.0,41.0,22.58810005330672,0.9269409366722565,9.1552734375e-05
Places365_val_00000308,ok,True,E:\Main\Career\集创赛\jscc-test\smallTest\Places365_val_00000308.jpg,Semantic-Communication\session_bootstrap\reports\reconstruction_error_audit_tvm_current_300_20260714_153238\reconstructions\Places365_val_00000308_recon.png,256x256x3,256x256x3,709.0173950195312,26.627380551220792,19.043359756469727,172.0,58.0,19.624234705814267,0.9068582471142711,1.52587890625e-05
Places365_val_00000309,ok,True,E:\Main\Career\集创赛\jscc-test\smallTest\Places365_val_00000309.jpg,Semantic-Communication\session_bootstrap\reports\reconstruction_error_audit_tvm_current_300_20260714_153238\reconstructions\Places365_val_00000309_recon.png,256x256x3,256x256x3,159.86656188964844,12.643834936032993,9.737650871276855,101.0,24.0,26.093227257985582,0.985884973639944,0.0003509521484375
Places365_val_00000310,ok,True,E:\Main\Career\集创赛\jscc-test\smallTest\Places365_val_00000310.jpg,Semantic-Communication\session_bootstrap\reports\reconstruction_error_audit_tvm_current_300_20260714_153238\reconstructions\Places365_val_00000310_recon.png,256x256x3,256x256x3,202.72645568847656,14.238204089297097,10.655166625976562,148.0,24.0,25.061699332908503,0.9827853080593408,1.52587890625e-05
Places365_val_00000311,ok,True,E:\Main\Career\集创赛\jscc-test\smallTest\Places365_val_00000311.jpg,Semantic-Communication\session_bootstrap\reports\reconstruction_error_audit_tvm_current_300_20260714_153238\reconstructions\Places365_val_00000311_recon.png,256x256x3,256x256x3,487.9844970703125,22.09037113926139,16.637069702148438,157.0,46.0,21.2467433588111,0.9532474353663585,0.0
Places365_val_00000312,ok,True,E:\Main\Career\集创赛\jscc-test\smallTest\Places365_val_00000312.jpg,Semantic-Communication\session_bootstrap\reports\reconstruction_error_audit_tvm_current_300_20260714_153238\reconstructions\Places365_val_00000312_recon.png,256x256x3,256x256x3,220.34288024902344,14.843950964922493,10.312535285949707,117.0,32.0,24.699813387812952,0.9836117936203352,4.57763671875e-05
Places365_val_00000313,ok,True,E:\Main\Career\集创赛\jscc-test\smallTest\Places365_val_00000313.jpg,Semantic-Communication\session_bootstrap\reports\reconstruction_error_audit_tvm_current_300_20260714_153238\reconstructions\Places365_val_00000313_recon.png,256x256x3,256x256x3,398.1770935058594,19.95437529730909,13.728907585144043,159.0,44.0,22.13004088727877,0.9611350833880771,0.000274658203125
Places365_val_00000314,ok,True,E:\Main\Career\集创赛\jscc-test\smallTest\Places365_val_00000314.jpg,Semantic-Communication\session_bootstrap\reports\reconstruction_error_audit_tvm_current_300_20260714_153238\reconstructions\Places365_val_00000314_recon.png,256x256x3,256x256x3,173.0612030029297,13.155272821303619,10.379002571105957,114.0,26.0,25.74880642560674,0.9861830134989383,3.0517578125e-05
Places365_val_00000315,ok,True,E:\Main\Career\集创赛\jscc-test\smallTest\Places365_val_00000315.jpg,Semantic-Communication\session_bootstrap\reports\reconstruction_error_audit_tvm_current_300_20260714_153238\reconstructions\Places365_val_00000315_recon.png,256x256x3,256x256x3,386.8538513183594,19.66860064464067,14.197382926940918,153.0,43.0,22.25533436039845,0.9786694737380187,0.000244140625
Places365_val_00000316,ok,True,E:\Main\Career\集创赛\jscc-test\smallTest\Places365_val_00000316.jpg,Semantic-Communication\session_bootstrap\reports\reconstruction_error_audit_tvm_current_300_20260714_153238\reconstructions\Places365_val_00000316_recon.png,256x256x3,256x256x3,663.5213623046875,25.758908406698595,19.92804527282715,183.0,50.0,19.91225451178084,0.7900244945064335,0.0
Places365_val_00000317,ok,True,E:\Main\Career\集创赛\jscc-test\smallTest\Places365_val_00000317.jpg,Semantic-Communication\session_bootstrap\reports\reconstruction_error_audit_tvm_current_300_20260714_153238\reconstructions\Places365_val_00000317_recon.png,256x256x3,256x256x3,370.890869140625,19.258527179943563,13.812545776367188,153.0,41.0,22.438342191830145,0.9600001689914408,0.0030517578125
Places365_val_00000318,ok,True,E:\Main\Career\集创赛\jscc-test\smallTest\Places365_val_00000318.jpg,Semantic-Communication\session_bootstrap\reports\reconstruction_error_audit_tvm_current_300_20260714_153238\reconstructions\Places365_val_00000318_recon.png,256x256x3,256x256x3,382.5411682128906,19.558659673221236,14.260086059570312,181.0,40.0,22.304021810760563,0.9514474591672112,0.0
Places365_val_00000319,ok,True,E:\Main\Career\集创赛\jscc-test\smallTest\Places365_val_00000319.jpg,Semantic-Communication\session_bootstrap\reports\reconstruction_error_audit_tvm_current_300_20260714_153238\reconstructions\Places365_val_00000319_recon.png,256x256x3,256x256x3,308.1913146972656,17.55537851193376,13.710164070129395,103.0,35.0,23.242599653959598,0.9480673014880449,0.0
Places365_val_00000320,ok,True,E:\Main\Career\集创赛\jscc-test\smallTest\Places365_val_00000320.jpg,Semantic-Communication\session_bootstrap\reports\reconstruction_error_audit_tvm_current_300_20260714_153238\reconstructions\Places365_val_00000320_recon.png,256x256x3,256x256x3,345.3035583496094,18.582345340392568,13.861363410949707,116.0,37.0,22.748793070952367,0.9350822205724499,0.0
Places365_val_00000321,ok,True,E:\Main\Career\集创赛\jscc-test\smallTest\Places365_val_00000321.jpg,Semantic-Communication\session_bootstrap\reports\reconstruction_error_audit_tvm_current_300_20260714_153238\reconstructions\Places365_val_00000321_recon.png,256x256x3,256x256x3,344.1935729980469,18.552454635385768,13.17058277130127,146.0,39.0,22.762776042242564,0.9447386952045661,0.0
Places365_val_00000322,ok,True,E:\Main\Career\集创赛\jscc-test\smallTest\Places365_val_00000322.jpg,Semantic-Communication\session_bootstrap\reports\reconstruction_error_audit_tvm_current_300_20260714_153238\reconstructions\Places365_val_00000322_recon.png,256x256x3,256x256x3,594.8307495117188,24.389152291781663,15.816574096679688,160.0,56.0,20.386869497771038,0.9502019726021589,0.0011444091796875
Places365_val_00000323,ok,True,E:\Main\Career\集创赛\jscc-test\smallTest\Places365_val_00000323.jpg,Semantic-Communication\session_bootstrap\reports\reconstruction_error_audit_tvm_current_300_20260714_153238\reconstructions\Places365_val_00000323_recon.png,256x256x3,256x256x3,809.093994140625,28.444577587663787,20.741979598999023,193.0,61.0,19.05081383426992,0.8961962758160369,1.52587890625e-05
Places365_val_00000324,ok,True,E:\Main\Career\集创赛\jscc-test\smallTest\Places365_val_00000324.jpg,Semantic-Communication\session_bootstrap\reports\reconstruction_error_audit_tvm_current_300_20260714_153238\reconstructions\Places365_val_00000324_recon.png,256x256x3,256x256x3,614.3792724609375,24.78667530067188,17.76239585876465,209.0,52.0,20.246438055496725,0.9025910679483623,0.0001678466796875
Places365_val_00000325,ok,True,E:\Main\Career\集创赛\jscc-test\smallTest\Places365_val_00000325.jpg,Semantic-Communication\session_bootstrap\reports\reconstruction_error_audit_tvm_current_300_20260714_153238\reconstructions\Places365_val_00000325_recon.png,256x256x3,256x256x3,228.13067626953125,15.103995374387905,9.884129524230957,139.0,33.0,24.54896672966029,0.9728508136126538,0.001312255859375
Places365_val_00000326,ok,True,E:\Main\Career\集创赛\jscc-test\smallTest\Places365_val_00000326.jpg,Semantic-Communication\session_bootstrap\reports\reconstruction_error_audit_tvm_current_300_20260714_153238\reconstructions\Places365_val_00000326_recon.png,256x256x3,256x256x3,297.9092712402344,17.26004841361212,12.474635124206543,162.0,36.0,23.389963417555187,0.9619197658273297,0.0002593994140625
Places365_val_00000327,ok,True,E:\Main\Career\集创赛\jscc-test\smallTest\Places365_val_00000327.jpg,Semantic-Communication\session_bootstrap\reports\reconstruction_error_audit_tvm_current_300_20260714_153238\reconstructions\Places365_val_00000327_recon.png,256x256x3,256x256x3,472.3058776855469,21.732599423114273,16.484283447265625,130.0,44.0,21.388570106108887,0.9084517231802216,1.52587890625e-05
Places365_val_00000328,ok,True,E:\Main\Career\集创赛\jscc-test\smallTest\Places365_val_00000328.jpg,Semantic-Communication\session_bootstrap\reports\reconstruction_error_audit_tvm_current_300_20260714_153238\reconstructions\Places365_val_00000328_recon.png,256x256x3,256x256x3,571.3225708007812,23.90235492165534,17.77251625061035,161.0,44.0,20.561989791308314,0.9618518827221023,0.0
Places365_val_00000329,ok,True,E:\Main\Career\集创赛\jscc-test\smallTest\Places365_val_00000329.jpg,Semantic-Communication\session_bootstrap\reports\reconstruction_error_audit_tvm_current_300_20260714_153238\reconstructions\Places365_val_00000329_recon.png,256x256x3,256x256x3,439.0699157714844,20.953995222188162,15.582453727722168,155.0,43.0,21.705466797690676,0.961043654610101,0.0
Places365_val_00000330,ok,True,E:\Main\Career\集创赛\jscc-test\smallTest\Places365_val_00000330.jpg,Semantic-Communication\session_bootstrap\reports\reconstruction_error_audit_tvm_current_300_20260714_153238\reconstructions\Places365_val_00000330_recon.png,256x256x3,256x256x3,311.4643859863281,17.648353633875544,12.472468376159668,151.0,38.0,23.196719659043694,0.9697660569785611,0.0001068115234375
Places365_val_00000331,ok,True,E:\Main\Career\集创赛\jscc-test\smallTest\Places365_val_00000331.jpg,Semantic-Communication\session_bootstrap\reports\reconstruction_error_audit_tvm_current_300_20260714_153238\reconstructions\Places365_val_00000331_recon.png,256x256x3,256x256x3,275.1415710449219,16.58739193016557,11.842778205871582,154.0,34.0,23.735241481174278,0.9800130631302323,0.0002288818359375
Places365_val_00000332,ok,True,E:\Main\Career\集创赛\jscc-test\smallTest\Places365_val_00000332.jpg,Semantic-Communication\session_bootstrap\reports\reconstruction_error_audit_tvm_current_300_20260714_153238\reconstructions\Places365_val_00000332_recon.png,256x256x3,256x256x3,346.9228210449219,18.625864303299373,12.616291999816895,163.0,41.0,22.728474916171088,0.9567195733693822,0.0003662109375
Places365_val_00000333,ok,True,E:\Main\Career\集创赛\jscc-test\smallTest\Places365_val_00000333.jpg,Semantic-Communication\session_bootstrap\reports\reconstruction_error_audit_tvm_current_300_20260714_153238\reconstructions\Places365_val_00000333_recon.png,256x256x3,256x256x3,534.1506958007812,23.111700409117052,18.667709350585938,165.0,43.0,20.854165624125365,0.9267885498721505,0.0
Places365_val_00000334,ok,True,E:\Main\Career\集创赛\jscc-test\smallTest\Places365_val_00000334.jpg,Semantic-Communication\session_bootstrap\reports\reconstruction_error_audit_tvm_current_300_20260714_153238\reconstructions\Places365_val_00000334_recon.png,256x256x3,256x256x3,340.5927429199219,18.455154914546828,13.72010326385498,152.0,38.0,22.808449707451725,0.9633740653307922,0.000152587890625
Places365_val_00000335,ok,True,E:\Main\Career\集创赛\jscc-test\smallTest\Places365_val_00000335.jpg,Semantic-Communication\session_bootstrap\reports\reconstruction_error_audit_tvm_current_300_20260714_153238\reconstructions\Places365_val_00000335_recon.png,256x256x3,256x256x3,279.3111877441406,16.712605653940997,11.747157096862793,131.0,35.0,23.669920292548557,0.9825087113278702,0.0003662109375
Places365_val_00000336,ok,True,E:\Main\Career\集创赛\jscc-test\smallTest\Places365_val_00000336.jpg,Semantic-Communication\session_bootstrap\reports\reconstruction_error_audit_tvm_current_300_20260714_153238\reconstructions\Places365_val_00000336_recon.png,256x256x3,256x256x3,538.3019409179688,23.201334895172923,18.2872257232666,135.0,46.0,20.82054415143911,0.9530416858685794,0.0
Places365_val_00000337,ok,True,E:\Main\Career\集创赛\jscc-test\smallTest\Places365_val_00000337.jpg,Semantic-Communication\session_bootstrap\reports\reconstruction_error_audit_tvm_current_300_20260714_153238\reconstructions\Places365_val_00000337_recon.png,256x256x3,256x256x3,592.7853393554688,24.34718339676006,17.383901596069336,204.0,52.0,20.401829066452123,0.9412115656843955,0.0002288818359375
Places365_val_00000338,ok,True,E:\Main\Career\集创赛\jscc-test\smallTest\Places365_val_00000338.jpg,Semantic-Communication\session_bootstrap\reports\reconstruction_error_audit_tvm_current_300_20260714_153238\reconstructions\Places365_val_00000338_recon.png,256x256x3,256x256x3,636.8395385742188,25.23567987144826,19.293848037719727,158.0,52.0,20.090503418613714,0.9404016900848569,1.52587890625e-05
Places365_val_00000339,ok,True,E:\Main\Career\集创赛\jscc-test\smallTest\Places365_val_00000339.jpg,Semantic-Communication\session_bootstrap\reports\reconstruction_error_audit_tvm_current_300_20260714_153238\reconstructions\Places365_val_00000339_recon.png,256x256x3,256x256x3,265.6341552734375,16.29828688155407,12.154170036315918,144.0,31.0,23.887964449418938,0.9719008211521264,1.52587890625e-05
Places365_val_00000340,ok,True,E:\Main\Career\集创赛\jscc-test\smallTest\Places365_val_00000340.jpg,Semantic-Communication\session_bootstrap\reports\reconstruction_error_audit_tvm_current_300_20260714_153238\reconstructions\Places365_val_00000340_recon.png,256x256x3,256x256x3,705.5460815429688,26.56211741452418,19.389846801757812,167.0,57.0,19.64554976645356,0.9168331946659808,0.0001220703125
Places365_val_00000341,ok,True,E:\Main\Career\集创赛\jscc-test\smallTest\Places365_val_00000341.jpg,Semantic-Communication\session_bootstrap\reports\reconstruction_error_audit_tvm_current_300_20260714_153238\reconstructions\Places365_val_00000341_recon.png,256x256x3,256x256x3,354.8572082519531,18.837654000749485,14.092707633972168,126.0,39.0,22.630267293437203,0.9695494934816539,0.0002288818359375
Places365_val_00000342,ok,True,E:\Main\Career\集创赛\jscc-test\smallTest\Places365_val_00000342.jpg,Semantic-Communication\session_bootstrap\reports\reconstruction_error_audit_tvm_current_300_20260714_153238\reconstructions\Places365_val_00000342_recon.png,256x256x3,256x256x3,244.4209442138672,15.63396764144877,10.60755443572998,191.0,33.0,24.249419433940098,0.9616434056966738,0.0001068115234375
Places365_val_00000343,ok,True,E:\Main\Career\集创赛\jscc-test\smallTest\Places365_val_00000343.jpg,Semantic-Communication\session_bootstrap\reports\reconstruction_error_audit_tvm_current_300_20260714_153238\reconstructions\Places365_val_00000343_recon.png,256x256x3,256x256x3,501.7781066894531,22.400404163529128,16.436548233032227,167.0,48.0,21.125686523775315,0.9606396148180372,0.00018310546875
Places365_val_00000344,ok,True,E:\Main\Career\集创赛\jscc-test\smallTest\Places365_val_00000344.jpg,Semantic-Communication\session_bootstrap\reports\reconstruction_error_audit_tvm_current_300_20260714_153238\reconstructions\Places365_val_00000344_recon.png,256x256x3,256x256x3,424.7105407714844,20.608506514822572,15.246185302734375,152.0,43.0,21.849873211108484,0.9199850693747706,6.103515625e-05
Places365_val_00000345,ok,True,E:\Main\Career\集创赛\jscc-test\smallTest\Places365_val_00000345.jpg,Semantic-Communication\session_bootstrap\reports\reconstruction_error_audit_tvm_current_300_20260714_153238\reconstructions\Places365_val_00000345_recon.png,256x256x3,256x256x3,370.999755859375,19.26135394668233,15.961506843566895,123.0,36.0,22.437067370452127,0.9656473066092275,0.0
Places365_val_00000346,ok,True,E:\Main\Career\集创赛\jscc-test\smallTest\Places365_val_00000346.jpg,Semantic-Communication\session_bootstrap\reports\reconstruction_error_audit_tvm_current_300_20260714_153238\reconstructions\Places365_val_00000346_recon.png,256x256x3,256x256x3,439.1410217285156,20.955691869478223,15.086029052734375,169.0,44.0,21.70476352872606,0.9484072728268009,0.0001373291015625
Places365_val_00000347,ok,True,E:\Main\Career\集创赛\jscc-test\smallTest\Places365_val_00000347.jpg,Semantic-Communication\session_bootstrap\reports\reconstruction_error_audit_tvm_current_300_20260714_153238\reconstructions\Places365_val_00000347_recon.png,256x256x3,256x256x3,330.5859680175781,18.18202321023648,13.822998046875,134.0,37.0,22.937959452134457,0.9017256379737815,4.57763671875e-05
Places365_val_00000348,ok,True,E:\Main\Career\集创赛\jscc-test\smallTest\Places365_val_00000348.jpg,Semantic-Communication\session_bootstrap\reports\reconstruction_error_audit_tvm_current_300_20260714_153238\reconstructions\Places365_val_00000348_recon.png,256x256x3,256x256x3,299.5063171386719,17.306250811156985,12.843281745910645,110.0,36.0,23.36674373977192,0.843113614713657,3.0517578125e-05
Places365_val_00000349,ok,True,E:\Main\Career\集创赛\jscc-test\smallTest\Places365_val_00000349.jpg,Semantic-Communication\session_bootstrap\reports\reconstruction_error_audit_tvm_current_300_20260714_153238\reconstructions\Places365_val_00000349_recon.png,256x256x3,256x256x3,348.9146423339844,18.679257007011397,13.058944702148438,154.0,40.0,22.703611657063597,0.9639445400182625,6.103515625e-05
Places365_val_00000350,ok,True,E:\Main\Career\集创赛\jscc-test\smallTest\Places365_val_00000350.jpg,Semantic-Communication\session_bootstrap\reports\reconstruction_error_audit_tvm_current_300_20260714_153238\reconstructions\Places365_val_00000350_recon.png,256x256x3,256x256x3,495.9879455566406,22.270786819433223,14.334263801574707,185.0,50.0,21.176092393007984,0.9255886035373896,9.1552734375e-05
Places365_val_00000351,ok,True,E:\Main\Career\集创赛\jscc-test\smallTest\Places365_val_00000351.jpg,Semantic-Communication\session_bootstrap\reports\reconstruction_error_audit_tvm_current_300_20260714_153238\reconstructions\Places365_val_00000351_recon.png,256x256x3,256x256x3,397.2214660644531,19.930415601899853,15.186141967773438,131.0,40.0,22.14047650899963,0.9764769283001682,4.57763671875e-05
Places365_val_00000352,ok,True,E:\Main\Career\集创赛\jscc-test\smallTest\Places365_val_00000352.jpg,Semantic-Communication\session_bootstrap\reports\reconstruction_error_audit_tvm_current_300_20260714_153238\reconstructions\Places365_val_00000352_recon.png,256x256x3,256x256x3,95.94783782958984,9.795296719833955,7.653839111328125,72.0,19.0,28.310451684484086,0.988446633697392,0.0001068115234375
Places365_val_00000353,ok,True,E:\Main\Career\集创赛\jscc-test\smallTest\Places365_val_00000353.jpg,Semantic-Communication\session_bootstrap\reports\reconstruction_error_audit_tvm_current_300_20260714_153238\reconstructions\Places365_val_00000353_recon.png,256x256x3,256x256x3,946.0100708007812,30.757276713011855,23.7131290435791,154.0,63.0,18.371846011363846,0.8595649016737117,0.0
Places365_val_00000354,ok,True,E:\Main\Career\集创赛\jscc-test\smallTest\Places365_val_00000354.jpg,Semantic-Communication\session_bootstrap\reports\reconstruction_error_audit_tvm_current_300_20260714_153238\reconstructions\Places365_val_00000354_recon.png,256x256x3,256x256x3,445.0633239746094,21.096523978480658,16.519052505493164,130.0,42.0,21.646585537157385,0.875229513798965,4.57763671875e-05
Places365_val_00000355,ok,True,E:\Main\Career\集创赛\jscc-test\smallTest\Places365_val_00000355.jpg,Semantic-Communication\session_bootstrap\reports\reconstruction_error_audit_tvm_current_300_20260714_153238\reconstructions\Places365_val_00000355_recon.png,256x256x3,256x256x3,1667.3958740234375,40.83375899942886,32.45943069458008,199.0,82.0,15.910416383686858,0.8588874988930326,3.0517578125e-05
Places365_val_00000356,ok,True,E:\Main\Career\集创赛\jscc-test\smallTest\Places365_val_00000356.jpg,Semantic-Communication\session_bootstrap\reports\reconstruction_error_audit_tvm_current_300_20260714_153238\reconstructions\Places365_val_00000356_recon.png,256x256x3,256x256x3,503.2810974121094,22.433927373781643,16.86177635192871,166.0,46.0,21.112697417041858,0.9339676253335076,3.0517578125e-05
Places365_val_00000357,ok,True,E:\Main\Career\集创赛\jscc-test\smallTest\Places365_val_00000357.jpg,Semantic-Communication\session_bootstrap\reports\reconstruction_error_audit_tvm_current_300_20260714_153238\reconstructions\Places365_val_00000357_recon.png,256x256x3,256x256x3,275.7541198730469,16.605845954754816,11.441436767578125,154.0,35.0,23.72558351179927,0.9207214417410885,0.0011138916015625
Places365_val_00000358,ok,True,E:\Main\Career\集创赛\jscc-test\smallTest\Places365_val_00000358.jpg,Semantic-Communication\session_bootstrap\reports\reconstruction_error_audit_tvm_current_300_20260714_153238\reconstructions\Places365_val_00000358_recon.png,256x256x3,256x256x3,797.8265991210938,28.245824454617956,20.349782943725586,176.0,60.0,19.11171849502079,0.9064843096153751,0.0003662109375
Places365_val_00000359,ok,True,E:\Main\Career\集创赛\jscc-test\smallTest\Places365_val_00000359.jpg,Semantic-Communication\session_bootstrap\reports\reconstruction_error_audit_tvm_current_300_20260714_153238\reconstructions\Places365_val_00000359_recon.png,256x256x3,256x256x3,358.0323791503906,18.921743554714787,13.571049690246582,149.0,40.0,22.59158056429449,0.9278466070770827,7.62939453125e-05
Places365_val_00000360,ok,True,E:\Main\Career\集创赛\jscc-test\smallTest\Places365_val_00000360.jpg,Semantic-Communication\session_bootstrap\reports\reconstruction_error_audit_tvm_current_300_20260714_153238\reconstructions\Places365_val_00000360_recon.png,256x256x3,256x256x3,205.2960662841797,14.328156416098329,9.751866340637207,119.0,30.0,25.00699733014325,0.97543405884563,0.0003204345703125
Places365_val_00000361,ok,True,E:\Main\Career\集创赛\jscc-test\smallTest\Places365_val_00000361.jpg,Semantic-Communication\session_bootstrap\reports\reconstruction_error_audit_tvm_current_300_20260714_153238\reconstructions\Places365_val_00000361_recon.png,256x256x3,256x256x3,208.2602081298828,14.431223376064928,9.8001708984375,149.0,31.0,24.944740627899293,0.9800214371152681,0.00042724609375
Places365_val_00000362,ok,True,E:\Main\Career\集创赛\jscc-test\smallTest\Places365_val_00000362.jpg,Semantic-Communication\session_bootstrap\reports\reconstruction_error_audit_tvm_current_300_20260714_153238\reconstructions\Places365_val_00000362_recon.png,256x256x3,256x256x3,603.959716796875,24.575591891079146,16.961441040039062,157.0,54.0,20.320723880683925,0.9501560841335304,0.0002593994140625
Places365_val_00000363,ok,True,E:\Main\Career\集创赛\jscc-test\smallTest\Places365_val_00000363.jpg,Semantic-Communication\session_bootstrap\reports\reconstruction_error_audit_tvm_current_300_20260714_153238\reconstructions\Places365_val_00000363_recon.png,256x256x3,256x256x3,112.961669921875,10.628342764602344,7.8461151123046875,145.0,22.0,27.601492569008432,0.9157004086239579,0.0
Places365_val_00000364,ok,True,E:\Main\Career\集创赛\jscc-test\smallTest\Places365_val_00000364.jpg,Semantic-Communication\session_bootstrap\reports\reconstruction_error_audit_tvm_current_300_20260714_153238\reconstructions\Places365_val_00000364_recon.png,256x256x3,256x256x3,569.9441528320312,23.873503153748327,18.081512451171875,150.0,49.0,20.572480583623225,0.9385934213167748,0.0
Places365_val_00000365,ok,True,E:\Main\Career\集创赛\jscc-test\smallTest\Places365_val_00000365.jpg,Semantic-Communication\session_bootstrap\reports\reconstruction_error_audit_tvm_current_300_20260714_153238\reconstructions\Places365_val_00000365_recon.png,256x256x3,256x256x3,304.748291015625,17.457041301882317,12.426594734191895,138.0,38.0,23.291390820313538,0.9585696576162354,9.1552734375e-05
Places365_val_00000366,ok,True,E:\Main\Career\集创赛\jscc-test\smallTest\Places365_val_00000366.jpg,Semantic-Communication\session_bootstrap\reports\reconstruction_error_audit_tvm_current_300_20260714_153238\reconstructions\Places365_val_00000366_recon.png,256x256x3,256x256x3,410.1803283691406,20.25290913348353,13.910273551940918,200.0,45.0,22.00105532445486,0.9516346727456761,0.000701904296875
Places365_val_00000367,ok,True,E:\Main\Career\集创赛\jscc-test\smallTest\Places365_val_00000367.jpg,Semantic-Communication\session_bootstrap\reports\reconstruction_error_audit_tvm_current_300_20260714_153238\reconstructions\Places365_val_00000367_recon.png,256x256x3,256x256x3,738.2122192382812,27.170061082711634,20.543176651000977,204.0,56.0,19.448991313008232,0.8452616339524068,0.0
Places365_val_00000368,ok,True,E:\Main\Career\集创赛\jscc-test\smallTest\Places365_val_00000368.jpg,Semantic-Communication\session_bootstrap\reports\reconstruction_error_audit_tvm_current_300_20260714_153238\reconstructions\Places365_val_00000368_recon.png,256x256x3,256x256x3,355.5364074707031,18.855673084530903,14.57927417755127,177.0,36.0,22.621962811072315,0.9396181853517839,0.0
Places365_val_00000369,ok,True,E:\Main\Career\集创赛\jscc-test\smallTest\Places365_val_00000369.jpg,Semantic-Communication\session_bootstrap\reports\reconstruction_error_audit_tvm_current_300_20260714_153238\reconstructions\Places365_val_00000369_recon.png,256x256x3,256x256x3,729.5790405273438,27.010720844274847,19.883813858032227,176.0,57.0,19.500080118552084,0.8890300068543863,7.62939453125e-05
Places365_val_00000370,ok,True,E:\Main\Career\集创赛\jscc-test\smallTest\Places365_val_00000370.jpg,Semantic-Communication\session_bootstrap\reports\reconstruction_error_audit_tvm_current_300_20260714_153238\reconstructions\Places365_val_00000370_recon.png,256x256x3,256x256x3,276.02880859375,16.61411473999593,10.606964111328125,154.0,36.0,23.721259499607424,0.9778041540571576,0.000335693359375
Places365_val_00000371,ok,True,E:\Main\Career\集创赛\jscc-test\smallTest\Places365_val_00000371.jpg,Semantic-Communication\session_bootstrap\reports\reconstruction_error_audit_tvm_current_300_20260714_153238\reconstructions\Places365_val_00000371_recon.png,256x256x3,256x256x3,373.2091979980469,19.318623087529993,14.46728515625,146.0,39.0,22.411280221745557,0.9401053809042977,1.52587890625e-05
Places365_val_00000372,ok,True,E:\Main\Career\集创赛\jscc-test\smallTest\Places365_val_00000372.jpg,Semantic-Communication\session_bootstrap\reports\reconstruction_error_audit_tvm_current_300_20260714_153238\reconstructions\Places365_val_00000372_recon.png,256x256x3,256x256x3,449.675537109375,21.20555439287959,16.68349266052246,104.0,43.0,21.601810988000494,0.9715167851488862,0.0
Places365_val_00000373,ok,True,E:\Main\Career\集创赛\jscc-test\smallTest\Places365_val_00000373.jpg,Semantic-Communication\session_bootstrap\reports\reconstruction_error_audit_tvm_current_300_20260714_153238\reconstructions\Places365_val_00000373_recon.png,256x256x3,256x256x3,361.9046325683594,19.023791224894143,13.923344612121582,166.0,40.0,22.544862185278824,0.9339663453313004,6.103515625e-05
Places365_val_00000374,ok,True,E:\Main\Career\集创赛\jscc-test\smallTest\Places365_val_00000374.jpg,Semantic-Communication\session_bootstrap\reports\reconstruction_error_audit_tvm_current_300_20260714_153238\reconstructions\Places365_val_00000374_recon.png,256x256x3,256x256x3,490.2877502441406,22.142442282732514,18.35346031188965,124.0,41.0,21.226293182597768,0.9410597041130667,4.57763671875e-05
Places365_val_00000375,ok,True,E:\Main\Career\集创赛\jscc-test\smallTest\Places365_val_00000375.jpg,Semantic-Communication\session_bootstrap\reports\reconstruction_error_audit_tvm_current_300_20260714_153238\reconstructions\Places365_val_00000375_recon.png,256x256x3,256x256x3,772.84619140625,27.800111356004493,20.964767456054688,165.0,57.0,19.249872898086338,0.8600097360326935,6.103515625e-05
Places365_val_00000376,ok,True,E:\Main\Career\集创赛\jscc-test\smallTest\Places365_val_00000376.jpg,Semantic-Communication\session_bootstrap\reports\reconstruction_error_audit_tvm_current_300_20260714_153238\reconstructions\Places365_val_00000376_recon.png,256x256x3,256x256x3,325.3611755371094,18.03777080287665,13.536433219909668,134.0,36.0,23.007146323529945,0.9397188563452368,3.0517578125e-05
Places365_val_00000377,ok,True,E:\Main\Career\集创赛\jscc-test\smallTest\Places365_val_00000377.jpg,Semantic-Communication\session_bootstrap\reports\reconstruction_error_audit_tvm_current_300_20260714_153238\reconstructions\Places365_val_00000377_recon.png,256x256x3,256x256x3,505.5251159667969,22.483885695466363,16.266347885131836,163.0,47.0,21.093376233843735,0.947623586009188,0.0002288818359375
Places365_val_00000378,ok,True,E:\Main\Career\集创赛\jscc-test\smallTest\Places365_val_00000378.jpg,Semantic-Communication\session_bootstrap\reports\reconstruction_error_audit_tvm_current_300_20260714_153238\reconstructions\Places365_val_00000378_recon.png,256x256x3,256x256x3,510.5280456542969,22.594867683929838,14.50408935546875,188.0,50.0,21.0506075599573,0.953222642085738,4.57763671875e-05
Places365_val_00000379,ok,True,E:\Main\Career\集创赛\jscc-test\smallTest\Places365_val_00000379.jpg,Semantic-Communication\session_bootstrap\reports\reconstruction_error_audit_tvm_current_300_20260714_153238\reconstructions\Places365_val_00000379_recon.png,256x256x3,256x256x3,784.5238647460938,28.009353165435538,21.546422958374023,196.0,56.0,19.184742017659865,0.8122639896747419,1.52587890625e-05
Places365_val_00000380,ok,True,E:\Main\Career\集创赛\jscc-test\smallTest\Places365_val_00000380.jpg,Semantic-Communication\session_bootstrap\reports\reconstruction_error_audit_tvm_current_300_20260714_153238\reconstructions\Places365_val_00000380_recon.png,256x256x3,256x256x3,532.5066528320312,23.07610566867883,17.165258407592773,170.0,48.0,20.8675532289762,0.9201961439714587,4.57763671875e-05
Places365_val_00000381,ok,True,E:\Main\Career\集创赛\jscc-test\smallTest\Places365_val_00000381.jpg,Semantic-Communication\session_bootstrap\reports\reconstruction_error_audit_tvm_current_300_20260714_153238\reconstructions\Places365_val_00000381_recon.png,256x256x3,256x256x3,709.62451171875,26.638778345088387,19.34819984436035,176.0,56.0,19.620517524654087,0.9464187422676826,1.52587890625e-05
Places365_val_00000382,ok,True,E:\Main\Career\集创赛\jscc-test\smallTest\Places365_val_00000382.jpg,Semantic-Communication\session_bootstrap\reports\reconstruction_error_audit_tvm_current_300_20260714_153238\reconstructions\Places365_val_00000382_recon.png,256x256x3,256x256x3,681.5748291015625,26.10698812773244,21.62892723083496,178.0,43.0,19.795668175249766,0.9324051622379157,0.0
Places365_val_00000383,ok,True,E:\Main\Career\集创赛\jscc-test\smallTest\Places365_val_00000383.jpg,Semantic-Communication\session_bootstrap\reports\reconstruction_error_audit_tvm_current_300_20260714_153238\reconstructions\Places365_val_00000383_recon.png,256x256x3,256x256x3,697.6030883789062,26.412176895873355,18.98362159729004,187.0,57.0,19.69471966261421,0.9182103621340081,0.0
Places365_val_00000384,ok,True,E:\Main\Career\集创赛\jscc-test\smallTest\Places365_val_00000384.jpg,Semantic-Communication\session_bootstrap\reports\reconstruction_error_audit_tvm_current_300_20260714_153238\reconstructions\Places365_val_00000384_recon.png,256x256x3,256x256x3,329.2649230957031,18.145658519207924,13.436894416809082,162.0,37.0,22.95534893494539,0.92881688083371,4.57763671875e-05
Places365_val_00000385,ok,True,E:\Main\Career\集创赛\jscc-test\smallTest\Places365_val_00000385.jpg,Semantic-Communication\session_bootstrap\reports\reconstruction_error_audit_tvm_current_300_20260714_153238\reconstructions\Places365_val_00000385_recon.png,256x256x3,256x256x3,440.0231018066406,20.97672762388454,14.55726146697998,175.0,46.0,21.69604882736794,0.9333518300353962,9.1552734375e-05
Places365_val_00000386,ok,True,E:\Main\Career\集创赛\jscc-test\smallTest\Places365_val_00000386.jpg,Semantic-Communication\session_bootstrap\reports\reconstruction_error_audit_tvm_current_300_20260714_153238\reconstructions\Places365_val_00000386_recon.png,256x256x3,256x256x3,340.7430725097656,18.459227299910623,14.839457511901855,115.0,35.0,22.806533257122332,0.9574016794287272,1.52587890625e-05
Places365_val_00000387,ok,True,E:\Main\Career\集创赛\jscc-test\smallTest\Places365_val_00000387.jpg,Semantic-Communication\session_bootstrap\reports\reconstruction_error_audit_tvm_current_300_20260714_153238\reconstructions\Places365_val_00000387_recon.png,256x256x3,256x256x3,139.44163513183594,11.808540770638679,8.162185668945312,103.0,26.0,26.686878940768604,0.9308244354559383,3.0517578125e-05
Places365_val_00000388,ok,True,E:\Main\Career\集创赛\jscc-test\smallTest\Places365_val_00000388.jpg,Semantic-Communication\session_bootstrap\reports\reconstruction_error_audit_tvm_current_300_20260714_153238\reconstructions\Places365_val_00000388_recon.png,256x256x3,256x256x3,281.29949951171875,16.77198555662742,12.947484016418457,134.0,31.0,23.63911401399091,0.9762399494079955,4.57763671875e-05
Places365_val_00000389,ok,True,E:\Main\Career\集创赛\jscc-test\smallTest\Places365_val_00000389.jpg,Semantic-Communication\session_bootstrap\reports\reconstruction_error_audit_tvm_current_300_20260714_153238\reconstructions\Places365_val_00000389_recon.png,256x256x3,256x256x3,442.5357666015625,21.036534091944958,14.792617797851562,170.0,45.0,21.671319838906424,0.9612420812899503,0.0002288818359375
Places365_val_00000390,ok,True,E:\Main\Career\集创赛\jscc-test\smallTest\Places365_val_00000390.jpg,Semantic-Communication\session_bootstrap\reports\reconstruction_error_audit_tvm_current_300_20260714_153238\reconstructions\Places365_val_00000390_recon.png,256x256x3,256x256x3,516.4446411132812,22.725418392480286,18.91796875,135.0,41.0,21.000565855399415,0.9410678175967941,0.0
Places365_val_00000391,ok,True,E:\Main\Career\集创赛\jscc-test\smallTest\Places365_val_00000391.jpg,Semantic-Communication\session_bootstrap\reports\reconstruction_error_audit_tvm_current_300_20260714_153238\reconstructions\Places365_val_00000391_recon.png,256x256x3,256x256x3,207.50860595703125,14.40515900492012,11.235000610351562,115.0,28.0,24.96044248050418,0.9768717599439805,0.0
Places365_val_00000392,ok,True,E:\Main\Career\集创赛\jscc-test\smallTest\Places365_val_00000392.jpg,Semantic-Communication\session_bootstrap\reports\reconstruction_error_audit_tvm_current_300_20260714_153238\reconstructions\Places365_val_00000392_recon.png,256x256x3,256x256x3,241.2071990966797,15.530846696065211,10.474151611328125,151.0,32.0,24.30690095205332,0.9808742063848234,0.00286865234375
Places365_val_00000393,ok,True,E:\Main\Career\集创赛\jscc-test\smallTest\Places365_val_00000393.jpg,Semantic-Communication\session_bootstrap\reports\reconstruction_error_audit_tvm_current_300_20260714_153238\reconstructions\Places365_val_00000393_recon.png,256x256x3,256x256x3,141.89781188964844,11.912086798275457,7.607035160064697,160.0,24.0,26.611046623207837,0.9904823473637107,0.046356201171875
Places365_val_00000394,ok,True,E:\Main\Career\集创赛\jscc-test\smallTest\Places365_val_00000394.jpg,Semantic-Communication\session_bootstrap\reports\reconstruction_error_audit_tvm_current_300_20260714_153238\reconstructions\Places365_val_00000394_recon.png,256x256x3,256x256x3,500.1537780761719,22.364118092966955,16.33620262145996,168.0,47.0,21.13976807127971,0.932741113784592,0.00018310546875
Places365_val_00000395,ok,True,E:\Main\Career\集创赛\jscc-test\smallTest\Places365_val_00000395.jpg,Semantic-Communication\session_bootstrap\reports\reconstruction_error_audit_tvm_current_300_20260714_153238\reconstructions\Places365_val_00000395_recon.png,256x256x3,256x256x3,766.4279174804688,27.684434570358643,19.589956283569336,197.0,60.0,19.286090451381124,0.9488915642064347,0.0006103515625
Places365_val_00000396,ok,True,E:\Main\Career\集创赛\jscc-test\smallTest\Places365_val_00000396.jpg,Semantic-Communication\session_bootstrap\reports\reconstruction_error_audit_tvm_current_300_20260714_153238\reconstructions\Places365_val_00000396_recon.png,256x256x3,256x256x3,532.4849243164062,23.075634862694596,18.33349609375,145.0,45.0,20.867730443043236,0.8851492319253402,0.0
Places365_val_00000397,ok,True,E:\Main\Career\集创赛\jscc-test\smallTest\Places365_val_00000397.jpg,Semantic-Communication\session_bootstrap\reports\reconstruction_error_audit_tvm_current_300_20260714_153238\reconstructions\Places365_val_00000397_recon.png,256x256x3,256x256x3,275.047119140625,16.58454458647041,11.536651611328125,138.0,35.0,23.73673260383732,0.9737596845135914,0.0001678466796875
Places365_val_00000398,ok,True,E:\Main\Career\集创赛\jscc-test\smallTest\Places365_val_00000398.jpg,Semantic-Communication\session_bootstrap\reports\reconstruction_error_audit_tvm_current_300_20260714_153238\reconstructions\Places365_val_00000398_recon.png,256x256x3,256x256x3,231.94378662109375,15.229700805370202,11.150935173034668,137.0,32.0,24.47697617866617,0.9614211495181263,0.0001373291015625
Places365_val_00000399,ok,True,E:\Main\Career\集创赛\jscc-test\smallTest\Places365_val_00000399.jpg,Semantic-Communication\session_bootstrap\reports\reconstruction_error_audit_tvm_current_300_20260714_153238\reconstructions\Places365_val_00000399_recon.png,256x256x3,256x256x3,408.5084228515625,20.21159129934015,15.76453685760498,137.0,40.0,22.01879345384436,0.9654848720711019,0.0002899169921875
Places365_val_00000400,ok,True,E:\Main\Career\集创赛\jscc-test\smallTest\Places365_val_00000400.jpg,Semantic-Communication\session_bootstrap\reports\reconstruction_error_audit_tvm_current_300_20260714_153238\reconstructions\Places365_val_00000400_recon.png,256x256x3,256x256x3,270.62078857421875,16.450555874322873,13.49714183807373,108.0,30.0,23.807192056488407,0.9800629153165141,9.1552734375e-05
Places365_val_00000401,ok,True,E:\Main\Career\集创赛\jscc-test\smallTest\Places365_val_00000401.jpg,Semantic-Communication\session_bootstrap\reports\reconstruction_error_audit_tvm_current_300_20260714_153238\reconstructions\Places365_val_00000401_recon.png,256x256x3,256x256x3,435.4594421386719,20.867664990091054,14.732020378112793,171.0,44.0,21.741326489998123,0.8997668763618379,6.103515625e-05
Places365_val_00000402,ok,True,E:\Main\Career\集创赛\jscc-test\smallTest\Places365_val_00000402.jpg,Semantic-Communication\session_bootstrap\reports\reconstruction_error_audit_tvm_current_300_20260714_153238\reconstructions\Places365_val_00000402_recon.png,256x256x3,256x256x3,726.7822875976562,26.95889997009626,20.97434425354004,136.0,54.0,19.516760262885096,0.8343476145674678,1.52587890625e-05
Places365_val_00000403,ok,True,E:\Main\Career\集创赛\jscc-test\smallTest\Places365_val_00000403.jpg,Semantic-Communication\session_bootstrap\reports\reconstruction_error_audit_tvm_current_300_20260714_153238\reconstructions\Places365_val_00000403_recon.png,256x256x3,256x256x3,180.7592315673828,13.444672981050257,9.001383781433105,132.0,29.0,25.55979874451027,0.9660185823734339,0.0004119873046875
Places365_val_00000404,ok,True,E:\Main\Career\集创赛\jscc-test\smallTest\Places365_val_00000404.jpg,Semantic-Communication\session_bootstrap\reports\reconstruction_error_audit_tvm_current_300_20260714_153238\reconstructions\Places365_val_00000404_recon.png,256x256x3,256x256x3,396.907470703125,19.922536753715,13.884140014648438,199.0,43.0,22.14391087471937,0.9126663673074885,9.1552734375e-05
Places365_val_00000405,ok,True,E:\Main\Career\集创赛\jscc-test\smallTest\Places365_val_00000405.jpg,Semantic-Communication\session_bootstrap\reports\reconstruction_error_audit_tvm_current_300_20260714_153238\reconstructions\Places365_val_00000405_recon.png,256x256x3,256x256x3,194.04432678222656,13.929979425046778,10.791641235351562,111.0,27.0,25.25179410948231,0.9806233887565988,3.0517578125e-05
Places365_val_00000406,ok,True,E:\Main\Career\集创赛\jscc-test\smallTest\Places365_val_00000406.jpg,Semantic-Communication\session_bootstrap\reports\reconstruction_error_audit_tvm_current_300_20260714_153238\reconstructions\Places365_val_00000406_recon.png,256x256x3,256x256x3,574.3784790039062,23.966194504007227,18.696481704711914,138.0,48.0,20.53882201613026,0.8576718724565519,0.0
Places365_val_00000407,ok,True,E:\Main\Career\集创赛\jscc-test\smallTest\Places365_val_00000407.jpg,Semantic-Communication\session_bootstrap\reports\reconstruction_error_audit_tvm_current_300_20260714_153238\reconstructions\Places365_val_00000407_recon.png,256x256x3,256x256x3,718.6657104492188,26.80794118259026,21.22832679748535,155.0,53.0,19.565534369210685,0.8933516427083746,3.0517578125e-05
Places365_val_00000408,ok,True,E:\Main\Career\集创赛\jscc-test\smallTest\Places365_val_00000408.jpg,Semantic-Communication\session_bootstrap\reports\reconstruction_error_audit_tvm_current_300_20260714_153238\reconstructions\Places365_val_00000408_recon.png,256x256x3,256x256x3,661.905029296875,25.72751502374209,21.101089477539062,166.0,51.0,19.922846799042226,0.9274541893268748,0.0
Places365_val_00000409,ok,True,E:\Main\Career\集创赛\jscc-test\smallTest\Places365_val_00000409.jpg,Semantic-Communication\session_bootstrap\reports\reconstruction_error_audit_tvm_current_300_20260714_153238\reconstructions\Places365_val_00000409_recon.png,256x256x3,256x256x3,587.375244140625,24.23582563356621,16.953643798828125,153.0,53.0,20.441647223237645,0.9361866800755728,0.0001068115234375
Places365_val_00000410,ok,True,E:\Main\Career\集创赛\jscc-test\smallTest\Places365_val_00000410.jpg,Semantic-Communication\session_bootstrap\reports\reconstruction_error_audit_tvm_current_300_20260714_153238\reconstructions\Places365_val_00000410_recon.png,256x256x3,256x256x3,550.20361328125,23.45641944716307,16.831512451171875,220.0,50.0,20.725569227187243,0.8731979036935823,9.1552734375e-05
Places365_val_00000411,ok,True,E:\Main\Career\集创赛\jscc-test\smallTest\Places365_val_00000411.jpg,Semantic-Communication\session_bootstrap\reports\reconstruction_error_audit_tvm_current_300_20260714_153238\reconstructions\Places365_val_00000411_recon.png,256x256x3,256x256x3,483.2904357910156,21.983867625852728,15.057002067565918,151.0,49.0,21.288721602340694,0.9576861017350919,0.0001220703125
Places365_val_00000412,ok,True,E:\Main\Career\集创赛\jscc-test\smallTest\Places365_val_00000412.jpg,Semantic-Communication\session_bootstrap\reports\reconstruction_error_audit_tvm_current_300_20260714_153238\reconstructions\Places365_val_00000412_recon.png,256x256x3,256x256x3,520.7553100585938,22.82006376105452,18.293930053710938,142.0,43.0,20.964466537941885,0.9451222539703201,1.52587890625e-05
Places365_val_00000413,ok,True,E:\Main\Career\集创赛\jscc-test\smallTest\Places365_val_00000413.jpg,Semantic-Communication\session_bootstrap\reports\reconstruction_error_audit_tvm_current_300_20260714_153238\reconstructions\Places365_val_00000413_recon.png,256x256x3,256x256x3,242.4636993408203,15.57124591485281,11.329360961914062,120.0,33.0,24.28433633830909,0.9752754003764494,0.00018310546875
Places365_val_00000414,ok,True,E:\Main\Career\集创赛\jscc-test\smallTest\Places365_val_00000414.jpg,Semantic-Communication\session_bootstrap\reports\reconstruction_error_audit_tvm_current_300_20260714_153238\reconstructions\Places365_val_00000414_recon.png,256x256x3,256x256x3,361.3087463378906,19.008123167159102,13.076960563659668,159.0,41.0,22.552018860413586,0.9292785012892211,7.62939453125e-05
Places365_val_00000415,ok,True,E:\Main\Career\集创赛\jscc-test\smallTest\Places365_val_00000415.jpg,Semantic-Communication\session_bootstrap\reports\reconstruction_error_audit_tvm_current_300_20260714_153238\reconstructions\Places365_val_00000415_recon.png,256x256x3,256x256x3,382.252685546875,19.551283475692202,10.517664909362793,175.0,46.0,22.307298156021485,0.9147509720605286,0.0029296875
Places365_val_00000416,ok,True,E:\Main\Career\集创赛\jscc-test\smallTest\Places365_val_00000416.jpg,Semantic-Communication\session_bootstrap\reports\reconstruction_error_audit_tvm_current_300_20260714_153238\reconstructions\Places365_val_00000416_recon.png,256x256x3,256x256x3,433.850341796875,20.8290744344744,14.64397144317627,151.0,45.0,21.75740416933172,0.9541351058086743,0.0012664794921875
Places365_val_00000417,ok,True,E:\Main\Career\集创赛\jscc-test\smallTest\Places365_val_00000417.jpg,Semantic-Communication\session_bootstrap\reports\reconstruction_error_audit_tvm_current_300_20260714_153238\reconstructions\Places365_val_00000417_recon.png,256x256x3,256x256x3,399.3759460449219,19.984392561319492,15.684555053710938,134.0,40.0,22.11698456603989,0.9520862801475435,0.0
Places365_val_00000418,ok,True,E:\Main\Career\集创赛\jscc-test\smallTest\Places365_val_00000418.jpg,Semantic-Communication\session_bootstrap\reports\reconstruction_error_audit_tvm_current_300_20260714_153238\reconstructions\Places365_val_00000418_recon.png,256x256x3,256x256x3,355.9051208496094,18.86544780411028,14.272506713867188,141.0,38.0,22.617461240842708,0.9652659942330063,4.57763671875e-05
Places365_val_00000419,ok,True,E:\Main\Career\集创赛\jscc-test\smallTest\Places365_val_00000419.jpg,Semantic-Communication\session_bootstrap\reports\reconstruction_error_audit_tvm_current_300_20260714_153238\reconstructions\Places365_val_00000419_recon.png,256x256x3,256x256x3,860.5878295898438,29.33577729649998,22.582345962524414,170.0,60.0,18.782851608589368,0.8645016252165488,1.52587890625e-05
Places365_val_00000420,ok,True,E:\Main\Career\集创赛\jscc-test\smallTest\Places365_val_00000420.jpg,Semantic-Communication\session_bootstrap\reports\reconstruction_error_audit_tvm_current_300_20260714_153238\reconstructions\Places365_val_00000420_recon.png,256x256x3,256x256x3,704.919921875,26.55032809354717,19.44663429260254,165.0,57.0,19.649405764482506,0.9122935347848348,1.52587890625e-05
Places365_val_00000421,ok,True,E:\Main\Career\集创赛\jscc-test\smallTest\Places365_val_00000421.jpg,Semantic-Communication\session_bootstrap\reports\reconstruction_error_audit_tvm_current_300_20260714_153238\reconstructions\Places365_val_00000421_recon.png,256x256x3,256x256x3,259.30145263671875,16.102839893531787,12.403762817382812,122.0,31.0,23.99275411123842,0.952593729787531,1.52587890625e-05
Places365_val_00000422,ok,True,E:\Main\Career\集创赛\jscc-test\smallTest\Places365_val_00000422.jpg,Semantic-Communication\session_bootstrap\reports\reconstruction_error_audit_tvm_current_300_20260714_153238\reconstructions\Places365_val_00000422_recon.png,256x256x3,256x256x3,529.5532836914062,23.012024762966995,18.419321060180664,193.0,43.0,20.891706954821988,0.9470246536499939,0.0
Places365_val_00000423,ok,True,E:\Main\Career\集创赛\jscc-test\smallTest\Places365_val_00000423.jpg,Semantic-Communication\session_bootstrap\reports\reconstruction_error_audit_tvm_current_300_20260714_153238\reconstructions\Places365_val_00000423_recon.png,256x256x3,256x256x3,354.3312072753906,18.82368739847192,12.996922492980957,171.0,41.0,22.636709569100038,0.9351033780569311,9.1552734375e-05
Places365_val_00000424,ok,True,E:\Main\Career\集创赛\jscc-test\smallTest\Places365_val_00000424.jpg,Semantic-Communication\session_bootstrap\reports\reconstruction_error_audit_tvm_current_300_20260714_153238\reconstructions\Places365_val_00000424_recon.png,256x256x3,256x256x3,809.7919921875,28.456844382107796,22.64763832092285,195.0,55.0,19.047068830341523,0.8275896418622944,1.52587890625e-05
Places365_val_00000425,ok,True,E:\Main\Career\集创赛\jscc-test\smallTest\Places365_val_00000425.jpg,Semantic-Communication\session_bootstrap\reports\reconstruction_error_audit_tvm_current_300_20260714_153238\reconstructions\Places365_val_00000425_recon.png,256x256x3,256x256x3,389.0440368652344,19.724199270572033,14.240554809570312,163.0,41.0,22.23081597883772,0.947658086708341,1.52587890625e-05
Places365_val_00000426,ok,True,E:\Main\Career\集创赛\jscc-test\smallTest\Places365_val_00000426.jpg,Semantic-Communication\session_bootstrap\reports\reconstruction_error_audit_tvm_current_300_20260714_153238\reconstructions\Places365_val_00000426_recon.png,256x256x3,256x256x3,455.1844177246094,21.33505138790646,14.760029792785645,199.0,46.0,21.548929743790687,0.9726679115304004,0.0030670166015625
Places365_val_00000427,ok,True,E:\Main\Career\集创赛\jscc-test\smallTest\Places365_val_00000427.jpg,Semantic-Communication\session_bootstrap\reports\reconstruction_error_audit_tvm_current_300_20260714_153238\reconstructions\Places365_val_00000427_recon.png,256x256x3,256x256x3,728.0133666992188,26.98172282674364,19.897796630859375,175.0,56.0,19.50941007611989,0.9034587114056151,6.103515625e-05
Places365_val_00000428,ok,True,E:\Main\Career\集创赛\jscc-test\smallTest\Places365_val_00000428.jpg,Semantic-Communication\session_bootstrap\reports\reconstruction_error_audit_tvm_current_300_20260714_153238\reconstructions\Places365_val_00000428_recon.png,256x256x3,256x256x3,508.0723571777344,22.540460447331913,16.85282325744629,196.0,46.0,21.071547940854458,0.9043128534778327,1.52587890625e-05
Places365_val_00000429,ok,True,E:\Main\Career\集创赛\jscc-test\smallTest\Places365_val_00000429.jpg,Semantic-Communication\session_bootstrap\reports\reconstruction_error_audit_tvm_current_300_20260714_153238\reconstructions\Places365_val_00000429_recon.png,256x256x3,256x256x3,260.4783020019531,16.1393401972309,10.70329761505127,154.0,34.0,23.973088087152586,0.9606074210995994,0.0005035400390625
Places365_val_00000430,ok,True,E:\Main\Career\集创赛\jscc-test\smallTest\Places365_val_00000430.jpg,Semantic-Communication\session_bootstrap\reports\reconstruction_error_audit_tvm_current_300_20260714_153238\reconstructions\Places365_val_00000430_recon.png,256x256x3,256x256x3,294.3371276855469,17.15625622580716,12.896163940429688,134.0,35.0,23.44235313406582,0.9644183508343668,0.000152587890625
Places365_val_00000431,ok,True,E:\Main\Career\集创赛\jscc-test\smallTest\Places365_val_00000431.jpg,Semantic-Communication\session_bootstrap\reports\reconstruction_error_audit_tvm_current_300_20260714_153238\reconstructions\Places365_val_00000431_recon.png,256x256x3,256x256x3,318.0997314453125,17.835350611785362,14.389450073242188,125.0,34.0,23.105170584121286,0.9795951765737635,1.52587890625e-05
Places365_val_00000432,ok,True,E:\Main\Career\集创赛\jscc-test\smallTest\Places365_val_00000432.jpg,Semantic-Communication\session_bootstrap\reports\reconstruction_error_audit_tvm_current_300_20260714_153238\reconstructions\Places365_val_00000432_recon.png,256x256x3,256x256x3,366.4737548828125,19.14350424772885,10.591156005859375,194.0,44.0,22.490374828940404,0.9512903901985114,0.000701904296875
Places365_val_00000433,ok,True,E:\Main\Career\集创赛\jscc-test\smallTest\Places365_val_00000433.jpg,Semantic-Communication\session_bootstrap\reports\reconstruction_error_audit_tvm_current_300_20260714_153238\reconstructions\Places365_val_00000433_recon.png,256x256x3,256x256x3,701.2825317382812,26.48173959048539,19.328237533569336,195.0,56.0,19.67187339685022,0.9214129678497565,0.0016937255859375
Places365_val_00000434,ok,True,E:\Main\Career\集创赛\jscc-test\smallTest\Places365_val_00000434.jpg,Semantic-Communication\session_bootstrap\reports\reconstruction_error_audit_tvm_current_300_20260714_153238\reconstructions\Places365_val_00000434_recon.png,256x256x3,256x256x3,739.996826171875,27.2028826812872,21.14764976501465,167.0,55.0,19.438505038112545,0.8873246011222021,1.52587890625e-05
Places365_val_00000435,ok,True,E:\Main\Career\集创赛\jscc-test\smallTest\Places365_val_00000435.jpg,Semantic-Communication\session_bootstrap\reports\reconstruction_error_audit_tvm_current_300_20260714_153238\reconstructions\Places365_val_00000435_recon.png,256x256x3,256x256x3,346.1409606933594,18.60486389881311,12.230865478515625,152.0,41.0,22.73827366166311,0.96336030766855,3.0517578125e-05
Places365_val_00000436,ok,True,E:\Main\Career\集创赛\jscc-test\smallTest\Places365_val_00000436.jpg,Semantic-Communication\session_bootstrap\reports\reconstruction_error_audit_tvm_current_300_20260714_153238\reconstructions\Places365_val_00000436_recon.png,256x256x3,256x256x3,566.6948852539062,23.805354129983158,16.91029930114746,154.0,51.0,20.597310679653045,0.9342893901836812,6.103515625e-05
Places365_val_00000437,ok,True,E:\Main\Career\集创赛\jscc-test\smallTest\Places365_val_00000437.jpg,Semantic-Communication\session_bootstrap\reports\reconstruction_error_audit_tvm_current_300_20260714_153238\reconstructions\Places365_val_00000437_recon.png,256x256x3,256x256x3,615.7383422851562,24.81407548721403,21.338125228881836,133.0,44.0,20.236841627346102,0.8880658096972095,0.0
Places365_val_00000438,ok,True,E:\Main\Career\集创赛\jscc-test\smallTest\Places365_val_00000438.jpg,Semantic-Communication\session_bootstrap\reports\reconstruction_error_audit_tvm_current_300_20260714_153238\reconstructions\Places365_val_00000438_recon.png,256x256x3,256x256x3,627.8453979492188,25.056843335688132,18.15765953063965,160.0,54.0,20.152276456077292,0.89554157218845,0.0001220703125
Places365_val_00000439,ok,True,E:\Main\Career\集创赛\jscc-test\smallTest\Places365_val_00000439.jpg,Semantic-Communication\session_bootstrap\reports\reconstruction_error_audit_tvm_current_300_20260714_153238\reconstructions\Places365_val_00000439_recon.png,256x256x3,256x256x3,389.468017578125,19.734944073346774,15.079798698425293,118.0,41.0,22.226085608866054,0.9369114096254338,6.103515625e-05
Places365_val_00000440,ok,True,E:\Main\Career\集创赛\jscc-test\smallTest\Places365_val_00000440.jpg,Semantic-Communication\session_bootstrap\reports\reconstruction_error_audit_tvm_current_300_20260714_153238\reconstructions\Places365_val_00000440_recon.png,256x256x3,256x256x3,440.8349914550781,20.99607085754566,14.984868049621582,150.0,45.0,21.688043013564858,0.9451544651178215,7.62939453125e-05
Places365_val_00000441,ok,True,E:\Main\Career\集创赛\jscc-test\smallTest\Places365_val_00000441.jpg,Semantic-Communication\session_bootstrap\reports\reconstruction_error_audit_tvm_current_300_20260714_153238\reconstructions\Places365_val_00000441_recon.png,256x256x3,256x256x3,371.6456604003906,19.278113507301242,13.251255989074707,164.0,42.0,22.429512948312354,0.9631193239907153,0.00140380859375
Places365_val_00000442,ok,True,E:\Main\Career\集创赛\jscc-test\smallTest\Places365_val_00000442.jpg,Semantic-Communication\session_bootstrap\reports\reconstruction_error_audit_tvm_current_300_20260714_153238\reconstructions\Places365_val_00000442_recon.png,256x256x3,256x256x3,639.3374633789062,25.285123360958835,17.98322105407715,174.0,56.0,20.0735020725208,0.9247330093593019,6.103515625e-05
Places365_val_00000443,ok,True,E:\Main\Career\集创赛\jscc-test\smallTest\Places365_val_00000443.jpg,Semantic-Communication\session_bootstrap\reports\reconstruction_error_audit_tvm_current_300_20260714_153238\reconstructions\Places365_val_00000443_recon.png,256x256x3,256x256x3,478.2176208496094,21.868187415732685,15.375,155.0,47.0,21.334547863763973,0.9555510051266064,1.52587890625e-05
Places365_val_00000444,ok,True,E:\Main\Career\集创赛\jscc-test\smallTest\Places365_val_00000444.jpg,Semantic-Communication\session_bootstrap\reports\reconstruction_error_audit_tvm_current_300_20260714_153238\reconstructions\Places365_val_00000444_recon.png,256x256x3,256x256x3,753.208251953125,27.44463976723187,16.473318099975586,207.0,67.0,19.361652914801663,0.892215006679245,0.000244140625
Places365_val_00000445,ok,True,E:\Main\Career\集创赛\jscc-test\smallTest\Places365_val_00000445.jpg,Semantic-Communication\session_bootstrap\reports\reconstruction_error_audit_tvm_current_300_20260714_153238\reconstructions\Places365_val_00000445_recon.png,256x256x3,256x256x3,221.4061279296875,14.879722038051904,10.313949584960938,144.0,29.0,24.678907240486964,0.9293113977665924,0.0001373291015625
Places365_val_00000446,ok,True,E:\Main\Career\集创赛\jscc-test\smallTest\Places365_val_00000446.jpg,Semantic-Communication\session_bootstrap\reports\reconstruction_error_audit_tvm_current_300_20260714_153238\reconstructions\Places365_val_00000446_recon.png,256x256x3,256x256x3,183.96063232421875,13.563208776842549,9.846430778503418,152.0,27.0,25.48355467171569,0.9717357443870269,0.0
Places365_val_00000447,ok,True,E:\Main\Career\集创赛\jscc-test\smallTest\Places365_val_00000447.jpg,Semantic-Communication\session_bootstrap\reports\reconstruction_error_audit_tvm_current_300_20260714_153238\reconstructions\Places365_val_00000447_recon.png,256x256x3,256x256x3,364.8440856933594,19.100892274795942,13.789759635925293,205.0,38.0,22.509730503547537,0.9425109668416305,1.52587890625e-05
Places365_val_00000448,ok,True,E:\Main\Career\集创赛\jscc-test\smallTest\Places365_val_00000448.jpg,Semantic-Communication\session_bootstrap\reports\reconstruction_error_audit_tvm_current_300_20260714_153238\reconstructions\Places365_val_00000448_recon.png,256x256x3,256x256x3,375.9986877441406,19.390685592421445,14.87187671661377,137.0,39.0,22.37894031648954,0.9589518589378093,0.0001220703125
Places365_val_00000449,ok,True,E:\Main\Career\集创赛\jscc-test\smallTest\Places365_val_00000449.jpg,Semantic-Communication\session_bootstrap\reports\reconstruction_error_audit_tvm_current_300_20260714_153238\reconstructions\Places365_val_00000449_recon.png,256x256x3,256x256x3,549.2771606445312,23.436662745462105,16.141250610351562,189.0,49.0,20.732888197607465,0.9541733198392881,0.0632781982421875
Places365_val_00000450,ok,True,E:\Main\Career\集创赛\jscc-test\smallTest\Places365_val_00000450.jpg,Semantic-Communication\session_bootstrap\reports\reconstruction_error_audit_tvm_current_300_20260714_153238\reconstructions\Places365_val_00000450_recon.png,256x256x3,256x256x3,501.6646423339844,22.39787137953034,17.175033569335938,176.0,44.0,21.12666868132702,0.9245138916397545,6.103515625e-05
Places365_val_00000451,ok,True,E:\Main\Career\集创赛\jscc-test\smallTest\Places365_val_00000451.jpg,Semantic-Communication\session_bootstrap\reports\reconstruction_error_audit_tvm_current_300_20260714_153238\reconstructions\Places365_val_00000451_recon.png,256x256x3,256x256x3,596.7002563476562,24.427448830110283,14.256688117980957,213.0,54.0,20.37324136447059,0.7362750746792187,0.000579833984375
Places365_val_00000452,ok,True,E:\Main\Career\集创赛\jscc-test\smallTest\Places365_val_00000452.jpg,Semantic-Communication\session_bootstrap\reports\reconstruction_error_audit_tvm_current_300_20260714_153238\reconstructions\Places365_val_00000452_recon.png,256x256x3,256x256x3,479.1981506347656,21.89059502696913,15.771565437316895,177.0,46.0,21.32565227552319,0.9575640249131071,4.57763671875e-05
Places365_val_00000453,ok,True,E:\Main\Career\集创赛\jscc-test\smallTest\Places365_val_00000453.jpg,Semantic-Communication\session_bootstrap\reports\reconstruction_error_audit_tvm_current_300_20260714_153238\reconstructions\Places365_val_00000453_recon.png,256x256x3,256x256x3,520.1420288085938,22.80662247700421,16.150671005249023,141.0,48.0,20.969584135683835,0.9651834859822953,0.0050811767578125
Places365_val_00000454,ok,True,E:\Main\Career\集创赛\jscc-test\smallTest\Places365_val_00000454.jpg,Semantic-Communication\session_bootstrap\reports\reconstruction_error_audit_tvm_current_300_20260714_153238\reconstructions\Places365_val_00000454_recon.png,256x256x3,256x256x3,481.8184509277344,21.95036334386596,15.007858276367188,200.0,46.0,21.301969338592382,0.9380648191210171,6.103515625e-05
Places365_val_00000455,ok,True,E:\Main\Career\集创赛\jscc-test\smallTest\Places365_val_00000455.jpg,Semantic-Communication\session_bootstrap\reports\reconstruction_error_audit_tvm_current_300_20260714_153238\reconstructions\Places365_val_00000455_recon.png,256x256x3,256x256x3,346.6996154785156,18.619871521536222,13.373011589050293,124.0,40.0,22.731270008834244,0.930906855378225,9.1552734375e-05
Places365_val_00000456,ok,True,E:\Main\Career\集创赛\jscc-test\smallTest\Places365_val_00000456.jpg,Semantic-Communication\session_bootstrap\reports\reconstruction_error_audit_tvm_current_300_20260714_153238\reconstructions\Places365_val_00000456_recon.png,256x256x3,256x256x3,561.1148071289062,23.687862021062735,16.662109375,179.0,51.0,20.640286315165696,0.937988706722125,0.0002288818359375
Places365_val_00000457,ok,True,E:\Main\Career\集创赛\jscc-test\smallTest\Places365_val_00000457.jpg,Semantic-Communication\session_bootstrap\reports\reconstruction_error_audit_tvm_current_300_20260714_153238\reconstructions\Places365_val_00000457_recon.png,256x256x3,256x256x3,334.6593933105469,18.293698185729063,11.757267951965332,167.0,39.0,22.884773414620977,0.9401732832895752,0.0001678466796875
Places365_val_00000458,ok,True,E:\Main\Career\集创赛\jscc-test\smallTest\Places365_val_00000458.jpg,Semantic-Communication\session_bootstrap\reports\reconstruction_error_audit_tvm_current_300_20260714_153238\reconstructions\Places365_val_00000458_recon.png,256x256x3,256x256x3,191.343994140625,13.832714633817362,9.438822746276855,157.0,28.0,25.31265525624454,0.9808377617435087,9.1552734375e-05
Places365_val_00000459,ok,True,E:\Main\Career\集创赛\jscc-test\smallTest\Places365_val_00000459.jpg,Semantic-Communication\session_bootstrap\reports\reconstruction_error_audit_tvm_current_300_20260714_153238\reconstructions\Places365_val_00000459_recon.png,256x256x3,256x256x3,819.1338500976562,28.620514497430968,20.9342098236084,175.0,60.0,18.997254876677157,0.9128489721876587,4.57763671875e-05
Places365_val_00000460,ok,True,E:\Main\Career\集创赛\jscc-test\smallTest\Places365_val_00000460.jpg,Semantic-Communication\session_bootstrap\reports\reconstruction_error_audit_tvm_current_300_20260714_153238\reconstructions\Places365_val_00000460_recon.png,256x256x3,256x256x3,90.3816146850586,9.506924565024097,6.807103633880615,108.0,19.0,28.57000265048353,0.9874974695697336,7.62939453125e-05
Places365_val_00000461,ok,True,E:\Main\Career\集创赛\jscc-test\smallTest\Places365_val_00000461.jpg,Semantic-Communication\session_bootstrap\reports\reconstruction_error_audit_tvm_current_300_20260714_153238\reconstructions\Places365_val_00000461_recon.png,256x256x3,256x256x3,150.1593780517578,12.253953568206377,9.927688598632812,75.0,23.0,26.36527900064217,0.976311205090477,3.0517578125e-05
Places365_val_00000462,ok,True,E:\Main\Career\集创赛\jscc-test\smallTest\Places365_val_00000462.jpg,Semantic-Communication\session_bootstrap\reports\reconstruction_error_audit_tvm_current_300_20260714_153238\reconstructions\Places365_val_00000462_recon.png,256x256x3,256x256x3,548.1557006835938,23.412725187034372,17.93561363220215,189.0,46.0,20.74176425844741,0.9673477418674085,0.0
Places365_val_00000463,ok,True,E:\Main\Career\集创赛\jscc-test\smallTest\Places365_val_00000463.jpg,Semantic-Communication\session_bootstrap\reports\reconstruction_error_audit_tvm_current_300_20260714_153238\reconstructions\Places365_val_00000463_recon.png,256x256x3,256x256x3,166.81996154785156,12.915880208017244,9.14673900604248,114.0,27.0,25.908323441142286,0.9799391405990737,7.62939453125e-05
Places365_val_00000464,ok,True,E:\Main\Career\集创赛\jscc-test\smallTest\Places365_val_00000464.jpg,Semantic-Communication\session_bootstrap\reports\reconstruction_error_audit_tvm_current_300_20260714_153238\reconstructions\Places365_val_00000464_recon.png,256x256x3,256x256x3,253.6374053955078,15.925997783357493,12.400181770324707,129.0,30.0,24.088670589810302,0.9358912405862468,0.000213623046875
Places365_val_00000465,ok,True,E:\Main\Career\集创赛\jscc-test\smallTest\Places365_val_00000465.jpg,Semantic-Communication\session_bootstrap\reports\reconstruction_error_audit_tvm_current_300_20260714_153238\reconstructions\Places365_val_00000465_recon.png,256x256x3,256x256x3,282.1796875,16.798204889213608,10.935261726379395,147.0,36.0,23.625546126975067,0.8828874110910554,0.0001220703125
Places365_val_00000466,ok,True,E:\Main\Career\集创赛\jscc-test\smallTest\Places365_val_00000466.jpg,Semantic-Communication\session_bootstrap\reports\reconstruction_error_audit_tvm_current_300_20260714_153238\reconstructions\Places365_val_00000466_recon.png,256x256x3,256x256x3,444.3187561035156,21.078869896261413,13.988078117370605,144.0,47.0,21.653857142929652,0.924050447789066,6.103515625e-05
Places365_val_00000467,ok,True,E:\Main\Career\集创赛\jscc-test\smallTest\Places365_val_00000467.jpg,Semantic-Communication\session_bootstrap\reports\reconstruction_error_audit_tvm_current_300_20260714_153238\reconstructions\Places365_val_00000467_recon.png,256x256x3,256x256x3,257.5032043457031,16.046906379290157,11.657252311706543,121.0,33.0,24.022977231373087,0.9768962889043101,0.0008087158203125
Places365_val_00000468,ok,True,E:\Main\Career\集创赛\jscc-test\smallTest\Places365_val_00000468.jpg,Semantic-Communication\session_bootstrap\reports\reconstruction_error_audit_tvm_current_300_20260714_153238\reconstructions\Places365_val_00000468_recon.png,256x256x3,256x256x3,614.5997924804688,24.791123259757086,17.914505004882812,162.0,52.0,20.244879515869954,0.9317096846944561,0.0001220703125
Places365_val_00000469,ok,True,E:\Main\Career\集创赛\jscc-test\smallTest\Places365_val_00000469.jpg,Semantic-Communication\session_bootstrap\reports\reconstruction_error_audit_tvm_current_300_20260714_153238\reconstructions\Places365_val_00000469_recon.png,256x256x3,256x256x3,455.5628356933594,21.343918002404322,16.031951904296875,145.0,44.0,21.545320732739114,0.9212096128243203,6.103515625e-05
Places365_val_00000470,ok,True,E:\Main\Career\集创赛\jscc-test\smallTest\Places365_val_00000470.jpg,Semantic-Communication\session_bootstrap\reports\reconstruction_error_audit_tvm_current_300_20260714_153238\reconstructions\Places365_val_00000470_recon.png,256x256x3,256x256x3,478.85888671875,21.88284457557449,16.56803321838379,162.0,43.0,21.32872809349746,0.8964354215394417,0.0
Places365_val_00000471,ok,True,E:\Main\Career\集创赛\jscc-test\smallTest\Places365_val_00000471.jpg,Semantic-Communication\session_bootstrap\reports\reconstruction_error_audit_tvm_current_300_20260714_153238\reconstructions\Places365_val_00000471_recon.png,256x256x3,256x256x3,575.79052734375,23.995635589493144,16.630691528320312,191.0,52.0,20.528158450917,0.92430189802443,1.52587890625e-05
Places365_val_00000472,ok,True,E:\Main\Career\集创赛\jscc-test\smallTest\Places365_val_00000472.jpg,Semantic-Communication\session_bootstrap\reports\reconstruction_error_audit_tvm_current_300_20260714_153238\reconstructions\Places365_val_00000472_recon.png,256x256x3,256x256x3,608.416015625,24.666090400081647,18.80938148498535,168.0,51.0,20.288797231956696,0.9213373815107506,1.52587890625e-05
Places365_val_00000473,ok,True,E:\Main\Career\集创赛\jscc-test\smallTest\Places365_val_00000473.jpg,Semantic-Communication\session_bootstrap\reports\reconstruction_error_audit_tvm_current_300_20260714_153238\reconstructions\Places365_val_00000473_recon.png,256x256x3,256x256x3,606.84814453125,24.634287985067683,18.36823081970215,150.0,51.0,20.300003324664246,0.9106458126163062,0.000152587890625
Places365_val_00000474,ok,True,E:\Main\Career\集创赛\jscc-test\smallTest\Places365_val_00000474.jpg,Semantic-Communication\session_bootstrap\reports\reconstruction_error_audit_tvm_current_300_20260714_153238\reconstructions\Places365_val_00000474_recon.png,256x256x3,256x256x3,348.7967224121094,18.676100299904938,12.821345329284668,150.0,40.0,22.705079655850835,0.9406261780234236,7.62939453125e-05
Places365_val_00000475,ok,True,E:\Main\Career\集创赛\jscc-test\smallTest\Places365_val_00000475.jpg,Semantic-Communication\session_bootstrap\reports\reconstruction_error_audit_tvm_current_300_20260714_153238\reconstructions\Places365_val_00000475_recon.png,256x256x3,256x256x3,161.54217529296875,12.70992428352619,10.402252197265625,57.0,24.0,26.04794434165041,0.9862955761514195,1.52587890625e-05
Places365_val_00000476,ok,True,E:\Main\Career\集创赛\jscc-test\smallTest\Places365_val_00000476.jpg,Semantic-Communication\session_bootstrap\reports\reconstruction_error_audit_tvm_current_300_20260714_153238\reconstructions\Places365_val_00000476_recon.png,256x256x3,256x256x3,395.40625,19.884824615771695,14.25989818572998,139.0,42.0,22.160368311480727,0.9391259287371311,6.103515625e-05
Places365_val_00000477,ok,True,E:\Main\Career\集创赛\jscc-test\smallTest\Places365_val_00000477.jpg,Semantic-Communication\session_bootstrap\reports\reconstruction_error_audit_tvm_current_300_20260714_153238\reconstructions\Places365_val_00000477_recon.png,256x256x3,256x256x3,754.5703735351562,27.46944436160215,20.30316734313965,165.0,58.0,19.35380611239066,0.8987710474500986,6.103515625e-05
Places365_val_00000478,ok,True,E:\Main\Career\集创赛\jscc-test\smallTest\Places365_val_00000478.jpg,Semantic-Communication\session_bootstrap\reports\reconstruction_error_audit_tvm_current_300_20260714_153238\reconstructions\Places365_val_00000478_recon.png,256x256x3,256x256x3,535.4561157226562,23.139924712985913,17.305334091186523,153.0,46.0,20.843564776336798,0.9338583950475744,6.103515625e-05
Places365_val_00000479,ok,True,E:\Main\Career\集创赛\jscc-test\smallTest\Places365_val_00000479.jpg,Semantic-Communication\session_bootstrap\reports\reconstruction_error_audit_tvm_current_300_20260714_153238\reconstructions\Places365_val_00000479_recon.png,256x256x3,256x256x3,408.485595703125,20.211026587066897,14.73084545135498,133.0,43.0,22.019036141168414,0.9512992884825094,9.1552734375e-05
Places365_val_00000480,ok,True,E:\Main\Career\集创赛\jscc-test\smallTest\Places365_val_00000480.jpg,Semantic-Communication\session_bootstrap\reports\reconstruction_error_audit_tvm_current_300_20260714_153238\reconstructions\Places365_val_00000480_recon.png,256x256x3,256x256x3,933.2643432617188,30.549375497082075,23.54184913635254,157.0,62.0,18.430756875826688,0.7588966806340679,1.52587890625e-05
Places365_val_00000481,ok,True,E:\Main\Career\集创赛\jscc-test\smallTest\Places365_val_00000481.jpg,Semantic-Communication\session_bootstrap\reports\reconstruction_error_audit_tvm_current_300_20260714_153238\reconstructions\Places365_val_00000481_recon.png,256x256x3,256x256x3,290.0269775390625,17.03017843532658,11.529266357421875,213.0,36.0,23.506419641709247,0.9731034303159422,0.0005035400390625
Places365_val_00000482,ok,True,E:\Main\Career\集创赛\jscc-test\smallTest\Places365_val_00000482.jpg,Semantic-Communication\session_bootstrap\reports\reconstruction_error_audit_tvm_current_300_20260714_153238\reconstructions\Places365_val_00000482_recon.png,256x256x3,256x256x3,557.7507934570312,23.616748155853955,18.03369140625,134.0,49.0,20.666401640836796,0.9143488946768408,4.57763671875e-05
Places365_val_00000483,ok,True,E:\Main\Career\集创赛\jscc-test\smallTest\Places365_val_00000483.jpg,Semantic-Communication\session_bootstrap\reports\reconstruction_error_audit_tvm_current_300_20260714_153238\reconstructions\Places365_val_00000483_recon.png,256x256x3,256x256x3,466.914306640625,21.608199986130845,15.070404052734375,186.0,47.0,21.438431795910198,0.9683703275641978,0.0012664794921875
Places365_val_00000484,ok,True,E:\Main\Career\集创赛\jscc-test\smallTest\Places365_val_00000484.jpg,Semantic-Communication\session_bootstrap\reports\reconstruction_error_audit_tvm_current_300_20260714_153238\reconstructions\Places365_val_00000484_recon.png,256x256x3,256x256x3,896.9312133789062,29.948809882512965,21.682077407836914,193.0,64.0,18.603212230584464,0.9078749970692424,1.52587890625e-05
Places365_val_00000485,ok,True,E:\Main\Career\集创赛\jscc-test\smallTest\Places365_val_00000485.jpg,Semantic-Communication\session_bootstrap\reports\reconstruction_error_audit_tvm_current_300_20260714_153238\reconstructions\Places365_val_00000485_recon.png,256x256x3,256x256x3,544.7306518554688,23.339465543483826,16.28035545349121,206.0,50.0,20.768985472669762,0.9301265683849246,0.000152587890625
Places365_val_00000486,ok,True,E:\Main\Career\集创赛\jscc-test\smallTest\Places365_val_00000486.jpg,Semantic-Communication\session_bootstrap\reports\reconstruction_error_audit_tvm_current_300_20260714_153238\reconstructions\Places365_val_00000486_recon.png,256x256x3,256x256x3,290.57147216796875,17.046157108508908,11.787968635559082,146.0,38.0,23.498273871350932,0.9547561596147076,6.103515625e-05
Places365_val_00000487,ok,True,E:\Main\Career\集创赛\jscc-test\smallTest\Places365_val_00000487.jpg,Semantic-Communication\session_bootstrap\reports\reconstruction_error_audit_tvm_current_300_20260714_153238\reconstructions\Places365_val_00000487_recon.png,256x256x3,256x256x3,468.903076171875,21.65416994880836,15.638249397277832,169.0,47.0,21.419972789925957,0.7838862724984162,3.0517578125e-05
Places365_val_00000488,ok,True,E:\Main\Career\集创赛\jscc-test\smallTest\Places365_val_00000488.jpg,Semantic-Communication\session_bootstrap\reports\reconstruction_error_audit_tvm_current_300_20260714_153238\reconstructions\Places365_val_00000488_recon.png,256x256x3,256x256x3,239.218505859375,15.466690203769357,12.060832023620605,110.0,30.0,24.342855873837614,0.9774606554033075,9.1552734375e-05
Places365_val_00000489,ok,True,E:\Main\Career\集创赛\jscc-test\smallTest\Places365_val_00000489.jpg,Semantic-Communication\session_bootstrap\reports\reconstruction_error_audit_tvm_current_300_20260714_153238\reconstructions\Places365_val_00000489_recon.png,256x256x3,256x256x3,765.2828979492188,27.66374699763607,20.160858154296875,193.0,58.0,19.292583527642172,0.9489404712456749,0.025421142578125
Places365_val_00000490,ok,True,E:\Main\Career\集创赛\jscc-test\smallTest\Places365_val_00000490.jpg,Semantic-Communication\session_bootstrap\reports\reconstruction_error_audit_tvm_current_300_20260714_153238\reconstructions\Places365_val_00000490_recon.png,256x256x3,256x256x3,677.3046875,26.02507804983493,21.471094131469727,144.0,41.0,19.822962795796663,0.9460635326213919,1.52587890625e-05
Places365_val_00000491,ok,True,E:\Main\Career\集创赛\jscc-test\smallTest\Places365_val_00000491.jpg,Semantic-Communication\session_bootstrap\reports\reconstruction_error_audit_tvm_current_300_20260714_153238\reconstructions\Places365_val_00000491_recon.png,256x256x3,256x256x3,712.5234375,26.693134651067115,18.468521118164062,194.0,58.0,19.6028120641963,0.9118345142241439,7.62939453125e-05
Places365_val_00000492,ok,True,E:\Main\Career\集创赛\jscc-test\smallTest\Places365_val_00000492.jpg,Semantic-Communication\session_bootstrap\reports\reconstruction_error_audit_tvm_current_300_20260714_153238\reconstructions\Places365_val_00000492_recon.png,256x256x3,256x256x3,458.0389709472656,21.401845036053917,17.569936752319336,151.0,40.0,21.521779305772952,0.9526006822747211,3.0517578125e-05
Places365_val_00000493,ok,True,E:\Main\Career\集创赛\jscc-test\smallTest\Places365_val_00000493.jpg,Semantic-Communication\session_bootstrap\reports\reconstruction_error_audit_tvm_current_300_20260714_153238\reconstructions\Places365_val_00000493_recon.png,256x256x3,256x256x3,625.1475219726562,25.00295026537181,18.59824562072754,156.0,53.0,20.170978468538735,0.8920640267463414,3.0517578125e-05
Places365_val_00000494,ok,True,E:\Main\Career\集创赛\jscc-test\smallTest\Places365_val_00000494.jpg,Semantic-Communication\session_bootstrap\reports\reconstruction_error_audit_tvm_current_300_20260714_153238\reconstructions\Places365_val_00000494_recon.png,256x256x3,256x256x3,1579.08837890625,39.73774501536606,30.8502254486084,191.0,80.0,16.146739234516488,0.6507612437764583,1.52587890625e-05
Places365_val_00000495,ok,True,E:\Main\Career\集创赛\jscc-test\smallTest\Places365_val_00000495.jpg,Semantic-Communication\session_bootstrap\reports\reconstruction_error_audit_tvm_current_300_20260714_153238\reconstructions\Places365_val_00000495_recon.png,256x256x3,256x256x3,227.12730407714844,15.070743315349393,10.519134521484375,110.0,33.0,24.568110148592893,0.9687498448520508,0.0003814697265625
Places365_val_00000496,ok,True,E:\Main\Career\集创赛\jscc-test\smallTest\Places365_val_00000496.jpg,Semantic-Communication\session_bootstrap\reports\reconstruction_error_audit_tvm_current_300_20260714_153238\reconstructions\Places365_val_00000496_recon.png,256x256x3,256x256x3,394.6036071777344,19.864632067514727,13.864644050598145,144.0,43.0,22.169193099308938,0.9464984392992456,0.0001220703125
Places365_val_00000497,ok,True,E:\Main\Career\集创赛\jscc-test\smallTest\Places365_val_00000497.jpg,Semantic-Communication\session_bootstrap\reports\reconstruction_error_audit_tvm_current_300_20260714_153238\reconstructions\Places365_val_00000497_recon.png,256x256x3,256x256x3,1041.7352294921875,32.27592337164326,23.451303482055664,191.0,69.0,17.95323009449671,0.8412459633836712,6.103515625e-05
Places365_val_00000498,ok,True,E:\Main\Career\集创赛\jscc-test\smallTest\Places365_val_00000498.jpg,Semantic-Communication\session_bootstrap\reports\reconstruction_error_audit_tvm_current_300_20260714_153238\reconstructions\Places365_val_00000498_recon.png,256x256x3,256x256x3,383.2440490722656,19.576619960357448,14.365432739257812,130.0,41.0,22.296049409165597,0.9380807066105541,0.0001220703125
Places365_val_00000499,ok,True,E:\Main\Career\集创赛\jscc-test\smallTest\Places365_val_00000499.jpg,Semantic-Communication\session_bootstrap\reports\reconstruction_error_audit_tvm_current_300_20260714_153238\reconstructions\Places365_val_00000499_recon.png,256x256x3,256x256x3,342.5924072265625,18.509251935898504,12.967803955078125,173.0,39.0,22.78302627270954,0.9267013926030867,7.62939453125e-05
Places365_val_00000500,ok,True,E:\Main\Career\集创赛\jscc-test\smallTest\Places365_val_00000500.jpg,Semantic-Communication\session_bootstrap\reports\reconstruction_error_audit_tvm_current_300_20260714_153238\reconstructions\Places365_val_00000500_recon.png,256x256x3,256x256x3,246.6848907470703,15.706205485319181,10.531941413879395,192.0,33.0,24.209378107544346,0.9629715839408478,0.00048828125
Places365_val_00000501,ok,True,E:\Main\Career\集创赛\jscc-test\smallTest\Places365_val_00000501.jpg,Semantic-Communication\session_bootstrap\reports\reconstruction_error_audit_tvm_current_300_20260714_153238\reconstructions\Places365_val_00000501_recon.png,256x256x3,256x256x3,248.0519561767578,15.749665271895712,10.958409309387207,142.0,34.0,24.185377045675796,0.9683902043781638,0.007232666015625
Places365_val_00000502,ok,True,E:\Main\Career\集创赛\jscc-test\smallTest\Places365_val_00000502.jpg,Semantic-Communication\session_bootstrap\reports\reconstruction_error_audit_tvm_current_300_20260714_153238\reconstructions\Places365_val_00000502_recon.png,256x256x3,256x256x3,473.4471740722656,21.758841285148105,16.662673950195312,150.0,44.0,21.378088322039545,0.9031804624798765,1.52587890625e-05
Places365_val_00000503,ok,True,E:\Main\Career\集创赛\jscc-test\smallTest\Places365_val_00000503.jpg,Semantic-Communication\session_bootstrap\reports\reconstruction_error_audit_tvm_current_300_20260714_153238\reconstructions\Places365_val_00000503_recon.png,256x256x3,256x256x3,263.5956115722656,16.23562784656835,12.421951293945312,120.0,32.0,23.921421851652624,0.9817196401269976,0.0014801025390625
Places365_val_00000504,ok,True,E:\Main\Career\集创赛\jscc-test\smallTest\Places365_val_00000504.jpg,Semantic-Communication\session_bootstrap\reports\reconstruction_error_audit_tvm_current_300_20260714_153238\reconstructions\Places365_val_00000504_recon.png,256x256x3,256x256x3,289.2208251953125,17.0064936184774,14.015009880065918,90.0,31.0,23.51850799970911,0.97708286739514,0.000396728515625
Places365_val_00000505,ok,True,E:\Main\Career\集创赛\jscc-test\smallTest\Places365_val_00000505.jpg,Semantic-Communication\session_bootstrap\reports\reconstruction_error_audit_tvm_current_300_20260714_153238\reconstructions\Places365_val_00000505_recon.png,256x256x3,256x256x3,319.7373046875,17.88119975525971,11.538655281066895,163.0,40.0,23.082870512312812,0.968976781418516,0.0032958984375
Places365_val_00000506,ok,True,E:\Main\Career\集创赛\jscc-test\smallTest\Places365_val_00000506.jpg,Semantic-Communication\session_bootstrap\reports\reconstruction_error_audit_tvm_current_300_20260714_153238\reconstructions\Places365_val_00000506_recon.png,256x256x3,256x256x3,537.5730590820312,23.185621817886,17.27146339416504,169.0,47.0,20.82642865303524,0.9269444578058585,1.52587890625e-05
Places365_val_00000507,ok,True,E:\Main\Career\集创赛\jscc-test\smallTest\Places365_val_00000507.jpg,Semantic-Communication\session_bootstrap\reports\reconstruction_error_audit_tvm_current_300_20260714_153238\reconstructions\Places365_val_00000507_recon.png,256x256x3,256x256x3,1172.43212890625,34.24079626565729,25.86885643005371,176.0,72.0,17.439926496894472,0.8476248102554717,4.57763671875e-05
